row_id,row_number,description,title,brand,model,category,condition,sku,upc,quantity,retail_value,notes,base_cost,ideal_price
1925,1,Mr. Coffee 12-Cup Automatic Blade Mill Grinder - Black,,Mr. Coffee,,MIXED_SMALL_APPLIANCES,NEW,,053891154819,11,35.99,SMALL APPLIANCES | COFFEE GRINDER | SMALL APPLIANCES & FLOOR CARE-01,10.64,21.28
1926,2,LifeStraw Sip Reusable Steel Filter Straw with Carry Case Laguna Teal,,LifeStraw,,MIXED_SMALL_APPLIANCES,NEW,,7640144289102,11,27.49,SMALL APPLIANCES | STRAWS | SMALL APPLIANCES & FLOOR CARE-01,8.13,16.26
1927,3,Disney Dash 2pk Daisy & Donald Duck Removable Plate for the MultiMaker Mini Maker System (Please be advised that sets may be missing pieces or otherwise incomplete.),,Dash,,MIXED_SMALL_APPLIANCES,NEW,,810137395432,18,11.04,SMALL APPLIANCES | WAFFLE MAKER | SMALL APPLIANCES & FLOOR CARE-01,3.26,6.52
1928,4,Disney Dash 2pk Moana & Pua Removable Plate for the MultiMaker Mini Maker System (Please be advised that sets may be missing pieces or otherwise incomplete.),,Dash,,MIXED_SMALL_APPLIANCES,NEW,,810137395418,19,9.74,SMALL APPLIANCES | WAFFLE MAKER | SMALL APPLIANCES & FLOOR CARE-01,2.88,5.76
1929,5,"Chefman 1.8L Lightning Borosilicate Glass Electric Kettle: Stainless Steel Lid, 1750W, Hand Wash, Silver & Black Accents",,Chefman,,MIXED_SMALL_APPLIANCES,NEW,,810087848552,4,44.99,SMALL APPLIANCES | ELECTRIC KETTLES | SMALL APPLIANCES & FLOOR CARE-01,13.30,26.60
1930,6,"Bodum Schiuma Milk Frother - Black: Handheld Frother Wand for Coffee, Battery-Powered, Stainless Steel & Plastic",,Bodum,,MIXED_SMALL_APPLIANCES,USED_GOOD,,727015012049,15,9.99,SMALL APPLIANCES | FROTHER | SMALL APPLIANCES & FLOOR CARE-01,2.95,5.90
1931,7,"Aroma 4 Cup Pot Style Rice Cooker White: Nonstick, Stay-Cool Handles, 1 Setting, 250W, Includes Glass Lid & Manual",,Aroma,,MIXED_SMALL_APPLIANCES,USED_GOOD,,021241003025,4,20.99,SMALL APPLIANCES | RICE COOKER | SMALL APPLIANCES & FLOOR CARE-01,6.21,12.42
1932,8,GE Profile Opal Side Tank - Hearth & Hand with Magnolia,,GE Appliances,,MIXED_SMALL_APPLIANCES,USED_GOOD,,084691949596,1,70.99,SMALL APPLIANCES | FRIDGE ACCESSORIES | SMALL APPLIANCES & FLOOR CARE-01,20.99,41.98
1933,9,"Brita 2ct Elite Replacement Water Filter for Pitchers and Dispensers: Reduces Odors, Filters Lead & More (Please be advised that sets may be missing pieces or otherwise incomplete.)",,Brita,,MIXED_SMALL_APPLIANCES,USED_GOOD,,060258320947,2,34.99,SMALL APPLIANCES | PT FILTERS | SMALL APPLIANCES & FLOOR CARE-01,10.35,20.70
1934,10,"Bodum Brazil 8 Cup 34oz French Press Coffee Maker Black: Glass Carafe, Dishwasher-Safe, Manual Coffee Presser",,Bodum,,MIXED_SMALL_APPLIANCES,USED_GOOD,,727152651552,3,19.99,SMALL APPLIANCES | COFFEE PRESS | SMALL APPLIANCES & FLOOR CARE-01,5.91,11.82
1935,11,"Bodum Schiuma Milk Frother Pink: Handheld Frother Wand for Coffee, Battery-Powered Mixer, Stainless Steel & Plastic",,Bodum,,MIXED_SMALL_APPLIANCES,NEW,,699965602819,5,9.99,SMALL APPLIANCES | FROTHER | SMALL APPLIANCES & FLOOR CARE-01,2.95,5.90
1936,12,"Mr. Coffee 5 Cup Switch Coffee Maker Black: Small Drip Coffee Machine, Electric, Paper Filter, 25 oz Capacity",,Mr. Coffee,,MIXED_SMALL_APPLIANCES,USED_GOOD,,053891177313,2,21.99,SMALL APPLIANCES | DRIP COFFEE MAKER | SMALL APPLIANCES & FLOOR CARE-01,6.50,13.00
1937,13,SodaStream Starry Lemon Lime Drink Mix,,SodaStream,,MIXED_SMALL_APPLIANCES,USED_GOOD,,810055455379,6,6.49,SMALL APPLIANCES | SODASTREAM ACCESSO | SMALL APPLIANCES & FLOOR CARE-01,1.92,3.84
1938,14,Mr. Coffee 12-Cup Automatic Blade Mill Grinder - Black,,Mr. Coffee,,MIXED_SMALL_APPLIANCES,USED_GOOD,,053891154819,1,35.99,SMALL APPLIANCES | COFFEE GRINDER | SMALL APPLIANCES & FLOOR CARE-01,10.64,21.28
1939,15,"Culligan CUFUII Replacement Frigidaire (EPTWF) Refrigerator Water Filter: Filters Lead, Mercury, Chlorine, VOCs, 9"" Height",,Culligan,,MIXED_SMALL_APPLIANCES,USED_GOOD,,850031536050,1,33.99,SMALL APPLIANCES | FRIDGE FILTERS | SMALL APPLIANCES & FLOOR CARE-01,10.05,20.10
1940,16,"Bodum Bistro Electric Milk Frother Black: Stainless Steel Coffee Frother & Milk Steamer, 500W, Hand Wash",,Bodum,,MIXED_SMALL_APPLIANCES,USED_GOOD,,699965387082,1,29.99,SMALL APPLIANCES | FROTHER | SMALL APPLIANCES & FLOOR CARE-01,8.87,17.74
1941,17,Dash Mini Maker Waffle - Aqua,,Dash,,MIXED_SMALL_APPLIANCES,NEW,,856757006426,3,9.89,SMALL APPLIANCES | WAFFLE MAKER | SMALL APPLIANCES & FLOOR CARE-01,2.92,5.84
1942,18,"Brita Water Filter 10-Cup Tahoe Water Pitcher Dispenser - White: Easy-Fill Lid, Electronic Indicator",,Brita,,MIXED_SMALL_APPLIANCES,LIKE_NEW,,060258506846,1,28.49,SMALL APPLIANCES | PT SYSTEMS | SMALL APPLIANCES & FLOOR CARE-01,8.43,16.86
1943,19,Chefman 2 Cup Rice Cooker,,Chefman,,MIXED_SMALL_APPLIANCES,USED_GOOD,,810170924620,4,19.99,SMALL APPLIANCES | RICE COOKER | SMALL APPLIANCES & FLOOR CARE-01,5.91,11.82
1944,20,Cuisinart Classic Waffle Maker - Stainless Steel,,Cuisinart,,MIXED_SMALL_APPLIANCES,USED_GOOD,,086279245984,2,37.99,SMALL APPLIANCES | WAFFLE MAKER | SMALL APPLIANCES & FLOOR CARE-01,11.23,22.46
1945,21,Chefman 6 Cup Rice Cooker,,Chefman,,MIXED_SMALL_APPLIANCES,USED_GOOD,,810170924637,3,24.99,SMALL APPLIANCES | RICE COOKER | SMALL APPLIANCES & FLOOR CARE-01,7.39,14.78
1946,22,ZeroWater Replacement Filters 2pk (Please be advised that sets may be missing pieces or otherwise incomplete.),,ZeroWater,,MIXED_SMALL_APPLIANCES,USED_GOOD,,188781000171,2,35.99,SMALL APPLIANCES | PT FILTERS | SMALL APPLIANCES & FLOOR CARE-01,10.64,21.28
1947,23,"Chefman 1L Rapid-Boil Kettle with Automatic Shutoff - Black: Glass Electric Water Boiler & Warmer, 1500W Tea Heater",,Chefman,,MIXED_SMALL_APPLIANCES,USED_GOOD,,810087844677,4,17.99,SMALL APPLIANCES | ELECTRIC KETTLES | SMALL APPLIANCES & FLOOR CARE-01,5.32,10.64
1948,24,Bialetti Moka 6 Cup Express Espresso Maker,,Bialetti,,MIXED_SMALL_APPLIANCES,USED_GOOD,,076753068000,1,59.99,SMALL APPLIANCES | ESPRESSO | SMALL APPLIANCES & FLOOR CARE-01,17.74,35.48
1949,25,KitchenAid Ultra Power 5-Speed Hand Mixer Contour Silver,,KitchenAid,,MIXED_SMALL_APPLIANCES,NEW,,883049683522,1,59.99,SMALL APPLIANCES | HAND MIXER | SMALL APPLIANCES & FLOOR CARE-01,17.74,35.48
1950,26,"Dash 3-in-1 Everyday 7-Egg Cooker with Omelet Maker and Poaching - Black: Electric Egg Boiler, Hard Boiled & Poaching",,Dash,,MIXED_SMALL_APPLIANCES,NEW,,856007008286,3,19.99,SMALL APPLIANCES | EGG COOKER | SMALL APPLIANCES & FLOOR CARE-01,5.91,11.82
1951,27,"Dash 3-in-1 Everyday 7-Egg Cooker with Omelet Maker and Poaching - Black: Electric Egg Boiler, Hard Boiled & Poaching",,Dash,,MIXED_SMALL_APPLIANCES,USED_GOOD,,856007008286,3,19.99,SMALL APPLIANCES | EGG COOKER | SMALL APPLIANCES & FLOOR CARE-01,5.91,11.82
1952,28,"GE Appliances XWFE Replacement Refrigerator Water Filter: Filters Pharmaceuticals, Atrazine, Mercury, Lead, Pesticides",,GE Appliances,,MIXED_SMALL_APPLIANCES,USED_GOOD,,084691851615,1,54.99,SMALL APPLIANCES | FRIDGE FILTERS | SMALL APPLIANCES & FLOOR CARE-01,16.26,32.52
1953,29,"Crock-Pot 2qt Manual Slow Cooker - Stainless Steel: 3 Settings, Reheat & Warmer, Stay-Cool Handles, Dishwasher-Safe Parts",,Crock-Pot,,MIXED_SMALL_APPLIANCES,USED_GOOD,,053891143677,3,17.99,SMALL APPLIANCES | SLOW COOKER | SMALL APPLIANCES & FLOOR CARE-01,5.32,10.64
1954,30,"bella 2-Slice Slim Toaster Plum: Metal, 900W, 2-Year Warranty, Spot Clean, 6.85"" H, 3.58"" D, 14.88"" W, 1.98 lbs",,bella Housewares,,MIXED_SMALL_APPLIANCES,USED_GOOD,,829486351648,2,24.99,SMALL APPLIANCES | 2 SLICE TOASTER | SMALL APPLIANCES & FLOOR CARE-01,7.39,14.78
1955,31,"Brita Water Filter 10-Cup Tahoe Water Pitcher Dispenser with Elite Water Filter - White: Easy-Fill Lid, Electronic Indicator",,Brita,,MIXED_SMALL_APPLIANCES,USED_GOOD,,060258506884,1,40.99,SMALL APPLIANCES | PT SYSTEMS | SMALL APPLIANCES & FLOOR CARE-01,12.12,24.24
1956,32,Gourmia 4 Shot Steam Espresso Maker with Frothing Wand Black/Stainless Steel Finish,,Gourmia,,MIXED_SMALL_APPLIANCES,USED_GOOD,,810002864377,1,39.99,SMALL APPLIANCES | ESPRESSO | SMALL APPLIANCES & FLOOR CARE-01,11.83,23.66
1957,33,Dash x Sweethearts Mini Waffle Maker Pink XOXO,,Dash,,MIXED_SMALL_APPLIANCES,NEW,,810137396361,4,9.99,SMALL APPLIANCES | WAFFLE MAKER | SMALL APPLIANCES & FLOOR CARE-01,2.95,5.90
1958,34,LARQ 4pk Bottle Neon Handles (Please be advised that sets may be missing pieces or otherwise incomplete.),,LARQ,,MIXED_SMALL_APPLIANCES,USED_GOOD,,850032674768,2,17.99,SMALL APPLIANCES | WATER BOTTLES | SMALL APPLIANCES & FLOOR CARE-01,5.32,10.64
1959,35,"PUR Filtration Water Pitcher Replacement Filter: Reduces Chlorine & Odors, 40-Gallon Life, Blue, Plastic, 1 Piece",,PUR Filtration,,MIXED_SMALL_APPLIANCES,USED_GOOD,,723987703220,4,8.59,SMALL APPLIANCES | PT FILTERS | SMALL APPLIANCES & FLOOR CARE-01,2.54,5.08
1960,36,Sharper Image Dual Air Cordless Vacuum and Blower Purple,,Sharper Image,,MIXED_SMALL_APPLIANCES,NEW,,840397511495,1,31.99,FLOORCARE | HAND VACUUM | SMALL APPLIANCES & FLOOR CARE-01,9.46,18.92
1961,37,"Bodum Schiuma Milk Frother - Black: Handheld Frother Wand for Coffee, Battery-Powered, Stainless Steel & Plastic",,Bodum,,MIXED_SMALL_APPLIANCES,NEW,,727015012049,3,9.99,SMALL APPLIANCES | FROTHER | SMALL APPLIANCES & FLOOR CARE-01,2.95,5.90
1962,38,Dash Santa Mini Waffle Maker,,Dash,,MIXED_SMALL_APPLIANCES,NEW,,810137395944,3,9.99,SMALL APPLIANCES | WAFFLE MAKER | SMALL APPLIANCES & FLOOR CARE-01,2.95,5.90
1963,39,Dash Mini Maker Waffle - Aqua,,Dash,,MIXED_SMALL_APPLIANCES,USED_GOOD,,856757006426,3,9.89,SMALL APPLIANCES | WAFFLE MAKER | SMALL APPLIANCES & FLOOR CARE-01,2.92,5.84
1964,40,Culligan with ZeroWater Technology 7 Cup Pitcher,,Culligan with ZeroWater Technology; ZeroWater,,MIXED_SMALL_APPLIANCES,USED_GOOD,,810136500332,6,24.99,SMALL APPLIANCES | PT SYSTEMS | SMALL APPLIANCES & FLOOR CARE-01,7.39,14.78
1965,41,BISSELL Fresh Free & Clear Crosswave Multi-Surface Formula - 64oz,,BISSELL,,MIXED_SMALL_APPLIANCES,NEW,,011120283730,4,18.99,FLOORCARE | CLEANER/SHAMPOO | SMALL APPLIANCES & FLOOR CARE-01,5.62,11.24
1966,42,"Cuisinart 2qt Stainless Steel Stovetop Kettle Matte Black CKS-25MBK: Whistling Tea Kettle, Large Handle, Flip-Up Spout",,Cuisinart,,MIXED_SMALL_APPLIANCES,USED_GOOD,,086279240620,2,34.99,SMALL APPLIANCES | NON-ELECTRIC KETTL | SMALL APPLIANCES & FLOOR CARE-01,10.35,20.70
1967,43,Dash Reindeer Mini Waffle Maker,,Dash,,MIXED_SMALL_APPLIANCES,NEW,,810137395937,6,9.99,SMALL APPLIANCES | WAFFLE MAKER | SMALL APPLIANCES & FLOOR CARE-01,2.95,5.90
1968,44,"Chefman 1.8L Lightning Borosilicate Glass Electric Kettle: Stainless Steel Lid, 1750W, Hand Wash, Silver & Black Accents",,Chefman,,MIXED_SMALL_APPLIANCES,SALVAGE,,810087848552,1,44.99,SMALL APPLIANCES | ELECTRIC KETTLES | SMALL APPLIANCES & FLOOR CARE-01,13.30,26.60
1969,45,"Dash Egg Bite Maker - Aqua: 4-Egg Cooker, Electric Egg Cooker, Dishwasher-Safe Parts, 420W, Aluminum & Plastic",,Dash,,MIXED_SMALL_APPLIANCES,USED_GOOD,,850004115657,2,21.99,SMALL APPLIANCES | EGG COOKER | SMALL APPLIANCES & FLOOR CARE-01,6.50,13.00
1970,46,Bodum Chambord 8 Cup 34oz Coffee Press Silver,,Bodum,,MIXED_SMALL_APPLIANCES,NEW,,727015995212,1,39.99,SMALL APPLIANCES | COFFEE PRESS | SMALL APPLIANCES & FLOOR CARE-01,11.83,23.66
1971,47,"Bodum 27oz Melior Goose Neck Electric Water Kettle Matte Black: Stainless Steel Tea Kettle with Ergonomic Handle, 1000W",,Bodum,,MIXED_SMALL_APPLIANCES,USED_GOOD,,699965399290,1,39.99,SMALL APPLIANCES | ELECTRIC KETTLES | SMALL APPLIANCES & FLOOR CARE-01,11.83,23.66
1972,48,Bodum Bistro 34oz Electric Water Kettle,,Bodum,,MIXED_SMALL_APPLIANCES,USED_GOOD,,699965187019,2,19.99,SMALL APPLIANCES | ELECTRIC KETTLES | SMALL APPLIANCES & FLOOR CARE-01,5.91,11.82
1973,49,"PUR Water Pitcher Replacement Filter - 3 Pack: Reduces Odors, Filters Chlorine & Mercury, 40 Gallon Life, Blue (Please be advised that sets may be missing pieces or otherwise incomplete.)",,PUR Filtration,,MIXED_SMALL_APPLIANCES,USED_GOOD,,723987703237,2,18.99,SMALL APPLIANCES | PT FILTERS | SMALL APPLIANCES & FLOOR CARE-01,5.62,11.24
1974,50,"Culligan CUSQIN Replacement Samsung (HAF-QIN) Refrigerator Water Filter: Filters Odors, Lead, Chlorine, VOCs, Microplastics",,Culligan,,MIXED_SMALL_APPLIANCES,NEW,,850031536180,1,34.99,SMALL APPLIANCES | FRIDGE FILTERS | SMALL APPLIANCES & FLOOR CARE-01,10.35,20.70
1975,51,Hoover Paws & Claws 128 fl oz Carpet Cleaner Solution - AH31933,,Hoover,,MIXED_SMALL_APPLIANCES,USED_GOOD,,073502522585,1,31.99,FLOORCARE | CLEANER/SHAMPOO | SMALL APPLIANCES & FLOOR CARE-01,9.46,18.92
1976,52,"Bodum Schiuma Milk Frother - Stainless Steel: Handheld Frother Wand for Coffee, Battery-Powered, Silver",,Bodum,,MIXED_SMALL_APPLIANCES,USED_GOOD,,727015012087,2,14.99,SMALL APPLIANCES | FROTHER | SMALL APPLIANCES & FLOOR CARE-01,4.43,8.86
1977,53,"FoodSaver Everyday Vacuum Sealer with Precut Bags: Best Food Vacuum Packer, White, 3-Year Warranty, Spot Clean",,FoodSaver,,MIXED_SMALL_APPLIANCES,NEW,,033413004419,2,99.99,SMALL APPLIANCES | FOOD SEALERS | SMALL APPLIANCES & FLOOR CARE-01,29.57,59.14
1978,54,LifeStraw Home Activated Carbon + Ion Exchange Replacement Filter 1pk (Please be advised that sets may be missing pieces or otherwise incomplete.),,LifeStraw,,MIXED_SMALL_APPLIANCES,NEW,,7640144284558,8,16.99,SMALL APPLIANCES | PT FILTERS | SMALL APPLIANCES & FLOOR CARE-01,5.02,10.04
1979,55,"Safe Home Lead in Drinking Water DIY Test Kit: EPA Standards Household Water Test, No Warranty",,Safe Home,,MIXED_SMALL_APPLIANCES,NEW,,850000063273,6,19.99,SMALL APPLIANCES | NEW - ACCESSORIES | SMALL APPLIANCES & FLOOR CARE-01,5.91,11.82
1980,56,"Bodum Schiuma Milk Frother - Stainless Steel: Handheld Frother Wand for Coffee, Battery-Powered, Silver",,Bodum,,MIXED_SMALL_APPLIANCES,NEW,,727015012087,7,14.99,SMALL APPLIANCES | FROTHER | SMALL APPLIANCES & FLOOR CARE-01,4.43,8.86
1981,57,LifeStraw Sip Reusable Steel Filter Straw with Carry Case Midnight Blue,,LifeStraw,,MIXED_SMALL_APPLIANCES,NEW,,7640144289119,3,27.49,SMALL APPLIANCES | STRAWS | SMALL APPLIANCES & FLOOR CARE-01,8.13,16.26
1982,58,Nespresso Aeroccino Milk Frother Black,,Nespresso,,MIXED_SMALL_APPLIANCES,USED_GOOD,,7630039649074,1,79.99,SMALL APPLIANCES | FROTHER | SMALL APPLIANCES & FLOOR CARE-01,23.65,47.30
1983,59,Dash Multi Mini Plate Storage Waffle Maker,,Dash,,MIXED_SMALL_APPLIANCES,USED_GOOD,,810137391076,5,12.74,SMALL APPLIANCES | WAFFLE MAKER | SMALL APPLIANCES & FLOOR CARE-01,3.77,7.54
1984,60,"Cuisinart 2-Slice Classic Toaster - Black Stainless Steel - CPT-160BKSP1: Bagel & Reheat Options, Self-Centering Slots",,Cuisinart,,MIXED_SMALL_APPLIANCES,USED_GOOD,,086279213761,1,59.99,SMALL APPLIANCES | 2 SLICE TOASTER | SMALL APPLIANCES & FLOOR CARE-01,17.74,35.48
1985,61,"Brita Water Filter 10-Cup Tahoe Water Pitcher Dispenser with Elite Water Filter - White: Easy-Fill Lid, Electronic Indicator",,Brita,,MIXED_SMALL_APPLIANCES,NEW,,060258506884,1,40.99,SMALL APPLIANCES | PT SYSTEMS | SMALL APPLIANCES & FLOOR CARE-01,12.12,24.24
1986,62,"Bodum Schiuma Milk Frother Pink: Handheld Frother Wand for Coffee, Battery-Powered Mixer, Stainless Steel & Plastic",,Bodum,,MIXED_SMALL_APPLIANCES,USED_GOOD,,699965602819,4,9.99,SMALL APPLIANCES | FROTHER | SMALL APPLIANCES & FLOOR CARE-01,2.95,5.90
1987,63,LifeStraw 18oz Go Series Water Filter Tumbler Aegean Sea,,LifeStraw,,MIXED_SMALL_APPLIANCES,NEW,,7640144289188,1,38.99,SMALL APPLIANCES | WATER BOTTLES | SMALL APPLIANCES & FLOOR CARE-01,11.53,23.06
1988,64,"Brita Tap Water Faucet Filtration System - Chrome: Filters Chlorine & Lead, Fits Most Standard Faucets",,Brita,,MIXED_SMALL_APPLIANCES,USED_GOOD,,060258356182,1,35.99,SMALL APPLIANCES | FM SYSTEMS | SMALL APPLIANCES & FLOOR CARE-01,10.64,21.28
1989,65,"Keurig Non-Rolling 24ct Coffee Pod Storage Drawer: Black Metal K-Cup Organizer, Freestanding Kitchen Rack (Please be advised that sets may be missing pieces or otherwise incomplete.)",,Keurig,,MIXED_SMALL_APPLIANCES,USED_GOOD,,611247369654,1,26.99,SMALL APPLIANCES | SGL SERVE ACCESSOR | SMALL APPLIANCES & FLOOR CARE-01,7.98,15.96
1990,66,Cuisinart 2.5oz Electric Coffee Grinder Black DCG-20BKN,,Cuisinart,,MIXED_SMALL_APPLIANCES,NEW,,086279102720,1,24.99,SMALL APPLIANCES | COFFEE GRINDER | SMALL APPLIANCES & FLOOR CARE-01,7.39,14.78
1991,67,Dash Deluxe Egg Cooker,,Dash,,MIXED_SMALL_APPLIANCES,NEW,,810137392820,1,26.49,SMALL APPLIANCES | EGG COOKER | SMALL APPLIANCES & FLOOR CARE-01,7.83,15.66
1992,68,"KitchenSmith by Bella 2 Slice Toaster: Black, Bagel & Bread Warmer, 750W, Compact Design, 2-Year Warranty",,KitchenSmith,,MIXED_SMALL_APPLIANCES,NEW,,829486120510,2,12.99,SMALL APPLIANCES | 2 SLICE TOASTER | SMALL APPLIANCES & FLOOR CARE-01,3.84,7.68
1993,69,Disney Dash 2pk Mickey Mouse & Minnie Mouse Removable Plate for the MultiMaker Mini Maker System (Please be advised that sets may be missing pieces or otherwise incomplete.),,Dash,,MIXED_SMALL_APPLIANCES,NEW,,810137395425,2,12.99,SMALL APPLIANCES | WAFFLE MAKER | SMALL APPLIANCES & FLOOR CARE-01,3.84,7.68
1994,70,"Brita Replacement Water Filters for Brita Water Pitchers and Dispensers - 4ct: Reduces Odors, 2-Month Filter Life (Please be advised that sets may be missing pieces or otherwise incomplete.)",,Brita,,MIXED_SMALL_APPLIANCES,NEW,,060258424324,1,20.99,SMALL APPLIANCES | PT FILTERS | SMALL APPLIANCES & FLOOR CARE-01,6.21,12.42
1995,71,"Enhanced Replacement Water Filters for Pitchers 2pk - up & up: Compatible with Brita Pitchers, Filters Benzene & Mercury (Please be advised that sets may be missing pieces or otherwise incomplete.)",,up&up,,MIXED_SMALL_APPLIANCES,USED_GOOD,,812501010989,2,9.99,SMALL APPLIANCES | PT FILTERS | SMALL APPLIANCES & FLOOR CARE-01,2.95,5.90
1996,72,"Keurig My K-Cup 3.0 Reusable Coffee Filter, Eco-friendly Gray",,Keurig,,MIXED_SMALL_APPLIANCES,USED_GOOD,,611247405246,2,9.99,SMALL APPLIANCES | SGL SERVE ACCESSOR | SMALL APPLIANCES & FLOOR CARE-01,2.95,5.90
1997,73,Dash Mini Waffle Maker - Lilac,,Dash,,MIXED_SMALL_APPLIANCES,USED_GOOD,,810051858662,2,9.89,SMALL APPLIANCES | WAFFLE MAKER | SMALL APPLIANCES & FLOOR CARE-01,2.92,5.84
1998,74,Brita Water Filter 6-Cup Denali Water Pitcher Dispenser with Standard Water Filter  Slate Gray,,Brita,,MIXED_SMALL_APPLIANCES,USED_GOOD,,060258509816,1,17.99,SMALL APPLIANCES | PT SYSTEMS | SMALL APPLIANCES & FLOOR CARE-01,5.32,10.64
1999,75,Sharper Image Desktop Cordless Vacuum White,,Sharper Image,,MIXED_SMALL_APPLIANCES,LIKE_NEW,,840397507238,1,15.99,FLOORCARE | HAND VACUUM | SMALL APPLIANCES & FLOOR CARE-01,4.73,9.46
2000,76,"Kaffe Frothing Pitcher Dark Brushed Stainless Steel: Milk Frothing Pitcher, Coffee & Espresso Accessories, Stainless Steel Finish",,Kaffe,,MIXED_SMALL_APPLIANCES,NEW,,860010435199,1,13.69,SMALL APPLIANCES | ONLINE ONLY | SMALL APPLIANCES & FLOOR CARE-01,4.05,8.10
2001,77,Disney Dash MultiMaker Mini Waffle Maker Toy Story,,Dash; StoreBound,,MIXED_SMALL_APPLIANCES,USED_GOOD,,810137397429,1,12.99,SMALL APPLIANCES | WAFFLE MAKER | SMALL APPLIANCES & FLOOR CARE-01,3.84,7.68
2002,78,Cuisinart 2.5oz Electric Coffee Grinder Black DCG-20BKN,,Cuisinart,,MIXED_SMALL_APPLIANCES,USED_GOOD,,086279102720,1,24.99,SMALL APPLIANCES | COFFEE GRINDER | SMALL APPLIANCES & FLOOR CARE-01,7.39,14.78
2003,79,"Dash 2-Cup Electric Mini Rice Cooker - Graphite: Small Rice Maker, Automatic Keep Warm, Includes Recipes & Accessories",,Dash,,MIXED_SMALL_APPLIANCES,NEW,,850000706309,1,24.99,SMALL APPLIANCES | RICE COOKER | SMALL APPLIANCES & FLOOR CARE-01,7.39,14.78
2004,80,"Culligan CUL800 Replacement LG (LT800P) Refrigerator Water Filter: Filters Odors, Pharmaceuticals, Lead, Chlorine, VOCs",,Culligan,,MIXED_SMALL_APPLIANCES,NEW,,850031536166,1,24.99,SMALL APPLIANCES | FRIDGE FILTERS | SMALL APPLIANCES & FLOOR CARE-01,7.39,14.78
2005,81,"bella 2-Slice Slim Toaster Surf: Metal, 900W, 2-Year Warranty, Spot Clean, 6.85"" H, 3.58"" D, 14.88"" W, 1.98 lbs, Blue",,bella Housewares,,MIXED_SMALL_APPLIANCES,USED_GOOD,,829486351631,1,24.99,SMALL APPLIANCES | 2 SLICE TOASTER | SMALL APPLIANCES & FLOOR CARE-01,7.39,14.78
2006,82,Dash 20oz Hot2Go Heated Lunch Box Blue,,Dash,,MIXED_SMALL_APPLIANCES,NEW,,810137394961,1,24.99,SMALL APPLIANCES | SLOW COOKER | SMALL APPLIANCES & FLOOR CARE-01,7.39,14.78
2007,83,"Culligan CUSCIN Replacement Samsung (HAF-CIN) Refrigerator Water Filter: Filters Odors, Lead, Chlorine, VOCs, Microplastics",,Culligan,,MIXED_SMALL_APPLIANCES,NEW,,850031536029,1,22.49,SMALL APPLIANCES | FRIDGE FILTERS | SMALL APPLIANCES & FLOOR CARE-01,6.65,13.30
2008,84,Dash MultiMaker Mini Waffle Maker System with 6 Removeable Holiday Plates,,Dash,,MIXED_SMALL_APPLIANCES,USED_GOOD,,810137391625,1,21.99,SMALL APPLIANCES | WAFFLE MAKER | SMALL APPLIANCES & FLOOR CARE-01,6.50,13.00
2009,85,"Aroma 4 Cup Pot Style Rice Cooker White: Nonstick, Stay-Cool Handles, 1 Setting, 250W, Includes Glass Lid & Manual",,Aroma,,MIXED_SMALL_APPLIANCES,NEW,,021241003025,1,20.99,SMALL APPLIANCES | RICE COOKER | SMALL APPLIANCES & FLOOR CARE-01,6.21,12.42
2010,86,"Dash Electric Dual Citrus Juicer - White: Lemon & Fruit Juicer, Multiple Cone Heads, Auto-Reversing, Dishwasher-Safe Parts",,Dash,,MIXED_SMALL_APPLIANCES,NEW,,852079003884,1,19.99,SMALL APPLIANCES | JUICER | SMALL APPLIANCES & FLOOR CARE-01,5.91,11.82
2011,87,"Brita Elite Replacement Water Filter for Pitchers and Dispensers: Reduces Odors, Filters Benzene & Lead",,Brita,,MIXED_SMALL_APPLIANCES,USED_GOOD,,060258362435,1,19.99,SMALL APPLIANCES | PT FILTERS | SMALL APPLIANCES & FLOOR CARE-01,5.91,11.82
2012,88,"DeLonghi 12 fl oz Milk Frothing Pitcher - Stainless Steel: Best Metal Milk Jug & Steaming Frother, Dishwasher-Safe",,DeLonghi,,MIXED_SMALL_APPLIANCES,USED_GOOD,,8004399333765,1,19.99,SMALL APPLIANCES | ESPRESSO ACCESSOR | SMALL APPLIANCES & FLOOR CARE-01,5.91,11.82
2013,89,Chefman 2 Cup Rice Cooker,,Chefman,,MIXED_SMALL_APPLIANCES,NEW,,810170924620,1,19.99,SMALL APPLIANCES | RICE COOKER | SMALL APPLIANCES & FLOOR CARE-01,5.91,11.82
2014,90,Bodum Schiuma Milk Frother - Red,,Bodum,,MIXED_SMALL_APPLIANCES,NEW,,699965646837,2,9.99,SMALL APPLIANCES | FROTHER | SMALL APPLIANCES & FLOOR CARE-01,2.95,5.90
2015,91,Dash x Sweethearts Mini Waffle Maker Pink XOXO,,Dash,,MIXED_SMALL_APPLIANCES,USED_GOOD,,810137396361,2,9.99,SMALL APPLIANCES | WAFFLE MAKER | SMALL APPLIANCES & FLOOR CARE-01,2.95,5.90
2016,92,BISSELL Multi-Surface 34451 with Febreze Original Gain Formula Navy Blue,,BISSELL,,MIXED_SMALL_APPLIANCES,USED_GOOD,,011120267679,1,18.99,FLOORCARE | CLEANER/SHAMPOO | SMALL APPLIANCES & FLOOR CARE-01,5.62,11.24
2017,93,"PUR PLUS Water Pitcher Replacement Filter - 3pk - PPF951K3: Reduces Odors, Filters Chlorine & Mercury, Blue (Please be advised that sets may be missing pieces or otherwise incomplete.)",,PUR Filtration,,MIXED_SMALL_APPLIANCES,USED_GOOD,,328785011579,1,18.39,SMALL APPLIANCES | PT FILTERS | SMALL APPLIANCES & FLOOR CARE-01,5.44,10.88
2018,94,LifeStraw Home Activated Carbon + Ion Exchange Replacement Filter 1pk (Please be advised that sets may be missing pieces or otherwise incomplete.),,LifeStraw,,MIXED_SMALL_APPLIANCES,USED_GOOD,,7640144284558,1,16.99,SMALL APPLIANCES | PT FILTERS | SMALL APPLIANCES & FLOOR CARE-01,5.02,10.04
2019,95,Sharper Image Desktop Cordless Vacuum White,,Sharper Image,,MIXED_SMALL_APPLIANCES,USED_GOOD,,840397507238,1,15.99,FLOORCARE | HAND VACUUM | SMALL APPLIANCES & FLOOR CARE-01,4.73,9.46
2020,96,Disney Dash Buzz Lightyear Mini Waffle Maker,,Dash,,MIXED_SMALL_APPLIANCES,NEW,,810137397528,1,12.99,SMALL APPLIANCES | WAFFLE MAKER | SMALL APPLIANCES & FLOOR CARE-01,3.84,7.68
2021,97,BUNN 8-12 Cup Coffee Filters - 600ct (Please be advised that sets may be missing pieces or otherwise incomplete.),,BUNN,,MIXED_SMALL_APPLIANCES,USED_GOOD,,191908385853,1,12.50,SMALL APPLIANCES | COFFEE ACCESSORIES | SMALL APPLIANCES & FLOOR CARE-01,3.70,7.40
2022,98,Bodum Schiuma Milk Frother - White,,Bodum,,MIXED_SMALL_APPLIANCES,USED_GOOD,,699965181796,1,9.99,SMALL APPLIANCES | FROTHER | SMALL APPLIANCES & FLOOR CARE-01,2.95,5.90
2023,99,"Brita Advanced Replacement Water Filter for Pitchers: Reduces Odors, Filters Chlorine",,Brita,,MIXED_SMALL_APPLIANCES,NEW,,060258355017,1,7.99,SMALL APPLIANCES | PT FILTERS | SMALL APPLIANCES & FLOOR CARE-01,2.36,4.72
2024,100,SodaStream Classics 14.9 fl oz Diet Ginger Ale Drink Mix,,SodaStream,,MIXED_SMALL_APPLIANCES,USED_GOOD,,811572023829,1,6.99,SMALL APPLIANCES | SODASTREAM ACCESSO | SMALL APPLIANCES & FLOOR CARE-01,2.07,4.14
2025,101,LifeStraw Sip Reusable Steel Filter Straw with Carry Case Aurora,,LifeStraw,,MIXED_SMALL_APPLIANCES,NEW,,7640144289409,1,27.49,SMALL APPLIANCES | STRAWS | SMALL APPLIANCES & FLOOR CARE-01,8.13,16.26
2026,102,"Brita 2ct Replacement Water Filters for Brita Tap Faucet Mounts - Chrome: Reduces Odors, Lead & Chlorine (Please be advised that sets may be missing pieces or otherwise incomplete.)",,Brita,,MIXED_SMALL_APPLIANCES,USED_GOOD,,060258363128,1,26.99,SMALL APPLIANCES | FM FILTERS | SMALL APPLIANCES & FLOOR CARE-01,7.98,15.96
2027,103,Dash Deluxe Egg Cooker,,Dash,,MIXED_SMALL_APPLIANCES,USED_GOOD,,810137392820,1,26.49,SMALL APPLIANCES | EGG COOKER | SMALL APPLIANCES & FLOOR CARE-01,7.83,15.66
2028,104,"Culligan CUW4 Replacement Whirlpool (EDR4RXD1/WHR4RXD1/KAD4RXD1) Refrigerator Water Filter 4: Filters Odors, Lead, Chlorine",,Culligan,,MIXED_SMALL_APPLIANCES,USED_GOOD,,850031536036,1,25.49,SMALL APPLIANCES | FRIDGE FILTERS | SMALL APPLIANCES & FLOOR CARE-01,7.54,15.08
2029,105,"bella 2-Slice Slim Toaster Oatmilk: Metal, 900W, Compact Beige Design, 2-Year Warranty, Spot Clean, 14.88"" Width",,bella Housewares,,MIXED_SMALL_APPLIANCES,USED_GOOD,,829486351174,1,24.99,SMALL APPLIANCES | 2 SLICE TOASTER | SMALL APPLIANCES & FLOOR CARE-01,7.39,14.78
2030,106,Culligan with ZeroWater Technology 7 Cup Pitcher,,Culligan with ZeroWater Technology; ZeroWater,,MIXED_SMALL_APPLIANCES,NEW,,810136500332,1,24.99,SMALL APPLIANCES | PT SYSTEMS | SMALL APPLIANCES & FLOOR CARE-01,7.39,14.78
2031,107,IMUSA 5 Cup Rice Cooker White,,IMUSA,,MIXED_SMALL_APPLIANCES,NEW,,094046003125,1,22.99,SMALL APPLIANCES | RICE COOKER | SMALL APPLIANCES & FLOOR CARE-01,6.80,13.60
2032,108,"Brita Premium 26oz Filtering Water Bottle with Filter - Seaglass: Reusable Plastic, 2-Month Filter Life, Portable Hydration",,Brita,,MIXED_SMALL_APPLIANCES,NEW,,060258363777,1,19.99,SMALL APPLIANCES | WATER BOTTLES | SMALL APPLIANCES & FLOOR CARE-01,5.91,11.82
2033,109,Bodum Schiuma Milk Frother - Red,,Bodum,,MIXED_SMALL_APPLIANCES,USED_GOOD,,699965646837,2,9.99,SMALL APPLIANCES | FROTHER | SMALL APPLIANCES & FLOOR CARE-01,2.95,5.90
2034,110,Aroma 1.7L Electric Kettle - Black,,Aroma,,MIXED_SMALL_APPLIANCES,NEW,,021241201100,1,18.99,SMALL APPLIANCES | ELECTRIC KETTLES | SMALL APPLIANCES & FLOOR CARE-01,5.62,11.24
2035,111,Sharper Image Desktop Cordless Vacuum White,,Sharper Image,,MIXED_SMALL_APPLIANCES,NEW,,840397507238,1,15.99,FLOORCARE | HAND VACUUM | SMALL APPLIANCES & FLOOR CARE-01,4.73,9.46
2036,112,"Bodum C-Mill Electric Coffee Grinder: Best Rated for Coffee Beans & Spices, Stainless Steel Blade, 1-Year Warranty",,Bodum,,MIXED_SMALL_APPLIANCES,USED_GOOD,,727015318677,1,14.99,SMALL APPLIANCES | COFFEE GRINDER | SMALL APPLIANCES & FLOOR CARE-01,4.43,8.86
2037,113,"Bodum Kenya 8 Cup 34oz French Press Coffee Maker Pink: Manual Coffee Pot, BPA-Free, Dishwasher-Safe, Reusable Filter",,Bodum,,MIXED_SMALL_APPLIANCES,NEW,,699965617196,1,14.99,SMALL APPLIANCES | COFFEE PRESS | SMALL APPLIANCES & FLOOR CARE-01,4.43,8.86
2038,114,Disney Dash Mini Waffle Maker Moana,,Dash,,MIXED_SMALL_APPLIANCES,NEW,,810137397511,1,12.99,SMALL APPLIANCES | WAFFLE MAKER | SMALL APPLIANCES & FLOOR CARE-01,3.84,7.68
2039,115,"Keurig Water Filter Cartridge Refills 2pk: Charcoal Replacement for Coffee Maker, Easy Filter Change, Clear, 1 Year Warranty (Please be advised that sets may be missing pieces or otherwise incomplete.)",,Keurig,,MIXED_SMALL_APPLIANCES,USED_GOOD,,649645050843,1,8.99,SMALL APPLIANCES | SGL SERVE ACCESSOR | SMALL APPLIANCES & FLOOR CARE-01,2.66,5.32
2040,116,SodaStream Pepsi Wild Cherry Zero Drink Mix,,SodaStream,,MIXED_SMALL_APPLIANCES,NEW,,810055455430,1,7.99,SMALL APPLIANCES | SODASTREAM ACCESSO | SMALL APPLIANCES & FLOOR CARE-01,2.36,4.72
2041,117,"Brita Water Filter 10-Cup Tahoe Water Pitcher Dispenser - White: Easy-Fill Lid, Electronic Indicator",,Brita,,MIXED_SMALL_APPLIANCES,USED_GOOD,,060258506846,1,28.49,SMALL APPLIANCES | PT SYSTEMS | SMALL APPLIANCES & FLOOR CARE-01,8.43,16.86
2042,118,"Chefman 1.8L Rapid-Boil Kettle with Keep Warm and Tea Infuser - Stainless Steel: Electric Water Boiler, 1500W, Silver",,Chefman,,MIXED_SMALL_APPLIANCES,USED_GOOD,,810087844035,1,27.99,SMALL APPLIANCES | ELECTRIC KETTLES | SMALL APPLIANCES & FLOOR CARE-01,8.28,16.56
2043,119,LifeStraw Sip Reusable Steel Filter Straw with Carry Case Laguna Teal,,LifeStraw,,MIXED_SMALL_APPLIANCES,USED_GOOD,,7640144289102,1,27.49,SMALL APPLIANCES | STRAWS | SMALL APPLIANCES & FLOOR CARE-01,8.13,16.26
2044,120,Dash Multi Mini Plate Storage Waffle Maker,,Dash,,MIXED_SMALL_APPLIANCES,NEW,,810137391076,2,12.74,SMALL APPLIANCES | WAFFLE MAKER | SMALL APPLIANCES & FLOOR CARE-01,3.77,7.54
2045,121,"Mr. Coffee 5-Cup Programmable Coffee Maker Black: Drip Coffee Machine, Electric, Dishwasher-Safe, Paper Filter, 25 oz Capacity",,Mr. Coffee,,MIXED_SMALL_APPLIANCES,USED_GOOD,,053891177344,1,24.99,SMALL APPLIANCES | DRIP COFFEE MAKER | SMALL APPLIANCES & FLOOR CARE-01,7.39,14.78
2046,122,"Aroma 1.5qt Stainless Steel Stovetop Kettle Silver: Whistling Tea Kettle with Flip-Up Spout, Small Teapot for Stove",,Aroma,,MIXED_SMALL_APPLIANCES,NEW,,021241400107,2,12.49,SMALL APPLIANCES | NON-ELECTRIC KETTL | SMALL APPLIANCES & FLOOR CARE-01,3.69,7.38
2047,123,Elite Cuisine 2 Cup Electric Citrus Juicer,,Elite Cuisine,,MIXED_SMALL_APPLIANCES,USED_GOOD,,717056138389,1,23.99,SMALL APPLIANCES | JUICER | SMALL APPLIANCES & FLOOR CARE-01,7.09,14.18
2048,124,"Culligan CUW5 Replacement Whirlpool (EDR5RXD1) Refrigerator Water Filter 5: Filters Lead, Mercury, Chlorine, VOCs",,Culligan,,MIXED_SMALL_APPLIANCES,NEW,,850031536043,1,23.99,SMALL APPLIANCES | FRIDGE FILTERS | SMALL APPLIANCES & FLOOR CARE-01,7.09,14.18
2049,125,IMUSA 5 Cup Rice Cooker White,,IMUSA,,MIXED_SMALL_APPLIANCES,USED_GOOD,,094046003125,1,22.99,SMALL APPLIANCES | RICE COOKER | SMALL APPLIANCES & FLOOR CARE-01,6.80,13.60
2050,126,"Bodum 8 Cup 34oz Pour Over Coffee Maker: Permanent Screen Filter, Cool Touch Handle, Dishwasher Safe",,Bodum,,MIXED_SMALL_APPLIANCES,USED_GOOD,,699965336820,1,19.99,SMALL APPLIANCES | COFFEE PRESS | SMALL APPLIANCES & FLOOR CARE-01,5.91,11.82
2051,127,"Gourmia Reusable 3pc Silicone Air Fryer Accessory Set with Basket Liner, Egg Bites Mold & Muffin Pan: Dishwasher-Safe, Hand Wash, Black, 1.49 lbs (Please be advised that sets may be missing pieces or otherwise incomplete.)",,Gourmia,,MIXED_SMALL_APPLIANCES,NEW,,810002866302,1,19.99,SMALL APPLIANCES | UTILITY APPLIANCES | SMALL APPLIANCES & FLOOR CARE-01,5.91,11.82
2052,128,"BISSELL 2X Deep Clean + Refresh 60oz. Upright Carpet Cleaner Formula - 1052: Non-Toxic, EPA Certified, Odor Eliminator",,BISSELL,,MIXED_SMALL_APPLIANCES,USED_GOOD,,011120167771,1,18.99,FLOORCARE | CLEANER/SHAMPOO | SMALL APPLIANCES & FLOOR CARE-01,5.62,11.24
2053,129,"PUR 7 Cup Water Pitcher Filtration System Blush PPT700P: BPA-Free, Dishwasher-Safe, Filters Pesticides & Chlorine",,PUR Filtration,,MIXED_SMALL_APPLIANCES,USED_GOOD,,328785005912,1,16.69,SMALL APPLIANCES | PT SYSTEMS | SMALL APPLIANCES & FLOOR CARE-01,4.94,9.88
2054,130,"IMUSA 34oz Electric Citrus Juicer, 25 Watts - White: Lemon Juice Maker, Plastic, 90-Day Warranty, 2.3 lbs, No Speeds",,IMUSA,,MIXED_SMALL_APPLIANCES,NEW,,094046803404,1,14.99,SMALL APPLIANCES | JUICER | SMALL APPLIANCES & FLOOR CARE-01,4.43,8.86
2055,131,"Bodum C-Mill Electric Coffee Grinder: Best Rated for Coffee Beans & Spices, Stainless Steel Blade, 1-Year Warranty",,Bodum,,MIXED_SMALL_APPLIANCES,NEW,,727015318677,1,14.99,SMALL APPLIANCES | COFFEE GRINDER | SMALL APPLIANCES & FLOOR CARE-01,4.43,8.86
2056,132,Dash x Sweethearts XOXO Mini Waffle Maker,,Dash,,MIXED_SMALL_APPLIANCES,NEW,,810137393575,1,14.99,SMALL APPLIANCES | WAFFLE MAKER | SMALL APPLIANCES & FLOOR CARE-01,4.43,8.86
2057,133,Dash x Sweethearts Mini Waffle Maker Purple I luv u,,Dash,,MIXED_SMALL_APPLIANCES,NEW,,810137396378,1,12.99,SMALL APPLIANCES | WAFFLE MAKER | SMALL APPLIANCES & FLOOR CARE-01,3.84,7.68
2058,134,"BISSELL Professional Spot & Stain + Oxy Formula - Portable Cleaners- 2038: Carpet & Upholstery Cleaner Solution, 32 oz",,BISSELL,,MIXED_SMALL_APPLIANCES,USED_GOOD,,011120015065,1,11.99,FLOORCARE | CLEANER/SHAMPOO | SMALL APPLIANCES & FLOOR CARE-01,3.55,7.10
2059,135,"SodaStream Mountain Dew Zero Drink Mix - 14.9 fl oz: Citrus Liquid Concentrate, Kosher, Soda Streamer Flavor",,SodaStream,,MIXED_SMALL_APPLIANCES,USED_GOOD,,810055455133,1,6.49,SMALL APPLIANCES | SODASTREAM ACCESSO | SMALL APPLIANCES & FLOOR CARE-01,1.92,3.84
