ref_date,sales_qty,sales_sales,sales_retail,on_shelf_qty,on_shelf_price,on_shelf_retail,on_shelf_qty_sod,on_shelf_recon_delta,migration_to_qty_in,migration_to_from_intake,migration_to_from_processing,migration_to_from_returned,migration_to_from_sold,migration_to_from_scrapped,migration_to_from_lost,migration_from_qty_out,migration_from_to_sold,migration_from_to_scrapped,migration_from_to_lost,migration_from_to_intake,migration_from_to_processing,migration_from_to_returned,price_increases_qty,price_increases_total_increase,price_decreases_qty,price_decreases_total_decrease
2026-02-06,296,2643.63,7140.23,0,0,0,0,146,0,0,0,0,0,0,0,146,146,0,0,0,0,0,0,0,0,0
2026-02-07,387,5775.60,12608.66,0,0,0,0,312,0,0,0,0,0,0,0,312,312,0,0,0,0,0,0,0,0,0
2026-02-08,0,0,0,0,0,0,0,0,0,0,0,0,0,0,0,0,0,0,0,0,0,0,0,0,0,0
2026-02-09,163,1539.83,3928.55,0,0,0,0,95,0,0,0,0,0,0,0,95,95,0,0,0,0,0,0,0,0,0
2026-02-10,61,1089.35,2368.35,0,0,0,0,54,0,0,0,0,0,0,0,54,54,0,0,0,0,0,0,0,0,0
2026-02-11,117,1294.63,3025.18,0,0,0,0,80,0,0,0,0,0,0,0,80,80,0,0,0,0,0,0,0,0,0
2026-02-12,128,2541.80,5497.25,0,0,0,0,92,0,0,0,0,0,0,0,92,92,0,0,0,0,0,0,0,0,0
2026-02-13,148,1920.31,4290.92,0,0,0,0,116,0,0,0,0,0,0,0,116,116,0,0,0,0,0,0,0,0,0
2026-02-14,352,4777.25,10824.53,0,0,0,0,279,0,0,0,0,0,0,0,279,279,0,0,0,0,0,0,0,0,0
2026-02-15,0,0,0,0,0,0,0,0,0,0,0,0,0,0,0,0,0,0,0,0,0,0,0,0,0,0
2026-02-16,128,1643.61,3857.55,0,0,0,0,106,0,0,0,0,0,0,0,106,106,0,0,0,0,0,0,0,0,0
2026-02-17,68,1201.06,2618.52,0,0,0,0,53,0,0,0,0,0,0,0,53,53,0,0,0,0,0,0,0,0,0
2026-02-18,100,1271.56,3054.51,0,0,0,0,68,0,0,0,0,0,0,0,68,68,0,0,0,0,0,0,0,0,0
2026-02-19,107,1273.52,3019.25,0,0,0,0,77,0,0,0,0,0,0,0,77,77,0,0,0,0,0,0,0,0,0
2026-02-20,71,973.01,2210.18,0,0,0,0,57,0,0,0,0,0,0,0,57,57,0,0,0,0,0,0,0,0,0
2026-02-21,176,2554.18,5663.40,0,0,0,0,153,0,0,0,0,0,0,0,153,153,0,0,0,0,0,0,0,0,0
2026-02-22,0,0,0,0,0,0,0,0,0,0,0,0,0,0,0,0,0,0,0,0,0,0,0,0,0,0
2026-02-23,117,2675.12,6186.53,0,0,0,0,76,0,0,0,0,0,0,0,76,76,0,0,0,0,0,0,0,0,0
2026-02-24,136,1274.20,3044.14,0,0,0,0,88,0,0,0,0,0,0,0,88,88,0,0,0,0,0,0,0,0,0
2026-02-25,81,997.77,2476.56,0,0,0,0,54,0,0,0,0,0,0,0,54,54,0,0,0,0,0,0,0,0,0
2026-02-26,83,1047.99,2676.77,0,0,0,0,51,0,0,0,0,0,0,0,51,51,0,0,0,0,0,0,0,0,0
2026-02-27,96,1246.74,2908.32,0,0,0,0,76,0,0,0,0,0,0,0,76,76,0,0,0,0,0,0,0,0,0
2026-02-28,221,2947.87,6904.87,0,0,0,0,175,0,0,0,0,0,0,0,175,175,0,0,0,0,0,0,0,0,0
2026-03-01,0,0,0,0,0,0,0,0,0,0,0,0,0,0,0,0,0,0,0,0,0,0,0,0,0,0
2026-03-02,36,677.64,1566.55,0,0,0,0,33,0,0,0,0,0,0,0,33,33,0,0,0,0,0,0,0,0,0
2026-03-03,106,1334.67,3213.66,0,0,0,0,89,0,0,0,0,0,0,0,89,89,0,0,0,0,0,0,0,0,0
2026-03-04,66,1408.07,3464.90,0,0,0,0,45,0,0,0,0,0,0,0,45,45,0,0,0,0,0,0,0,0,0
2026-03-05,85,982.47,2345.14,0,0,0,0,60,0,0,0,0,0,0,0,60,60,0,0,0,0,0,0,0,0,0
2026-03-06,135,1457.67,3985.62,0,0,0,0,79,0,0,0,0,0,0,0,79,79,0,0,0,0,0,0,0,0,0
2026-03-07,145,2199.17,5182.28,0,0,0,0,118,0,0,0,0,0,0,0,118,118,0,0,0,0,0,0,0,0,0
2026-03-08,0,0,0,0,0,0,0,0,0,0,0,0,0,0,0,0,0,0,0,0,0,0,0,0,0,0
2026-03-09,40,1358.31,3207.49,0,0,0,0,33,0,0,0,0,0,0,0,33,33,0,0,0,0,0,0,0,0,0
2026-03-10,100,1726.53,4155.51,0,0,0,0,70,0,0,0,0,0,0,0,70,70,0,0,0,0,0,0,0,0,0
2026-03-11,81,774.66,2047.45,0,0,0,0,54,0,0,0,0,0,0,0,54,54,0,0,0,0,0,0,0,0,0
2026-03-12,57,952.69,2360.83,0,0,0,0,49,0,0,0,0,0,0,0,49,49,0,0,0,0,0,0,0,0,0
2026-03-13,95,1021.00,2687.15,0,0,0,0,63,0,0,0,0,0,0,0,63,63,0,0,0,0,0,0,0,0,0
2026-03-14,150,3263.88,8048.76,0,0,0,0,127,0,0,0,0,0,0,0,127,127,0,0,0,0,0,0,0,0,0
2026-03-15,0,0,0,0,0,0,0,0,0,0,0,0,0,0,0,0,0,0,0,0,0,0,0,0,0,0
2026-03-16,39,335.19,897.66,0,0,0,0,25,0,0,0,0,0,0,0,25,25,0,0,0,0,0,0,0,0,0
2026-03-17,102,1957.48,5037.36,0,0,0,0,81,0,0,0,0,0,0,0,81,81,0,0,0,0,0,0,0,0,0
2026-03-18,73,660.21,1672.76,0,0,0,0,42,0,0,0,0,0,0,0,42,42,0,0,0,0,0,0,0,0,0
2026-03-19,64,853.50,2211.50,0,0,0,0,51,0,0,0,0,0,0,0,51,51,0,0,0,0,0,0,0,0,0
2026-03-20,98,1086.93,2886.68,0,0,0,0,79,0,0,0,0,0,0,0,79,79,0,0,0,0,0,0,0,0,0
2026-03-21,171,2381.59,5961.40,0,0,0,0,155,0,0,0,0,0,0,0,155,155,0,0,0,0,0,0,0,0,0
2026-03-22,0,0,0,0,0,0,0,0,0,0,0,0,0,0,0,0,0,0,0,0,0,0,0,0,0,0
2026-03-23,58,702.77,1823.50,0,0,0,0,51,0,0,0,0,0,0,0,51,51,0,0,0,0,0,0,0,0,0
2026-03-24,89,1217.56,3148.55,0,0,0,0,71,0,0,0,0,0,0,0,71,71,0,0,0,0,0,0,0,0,0
2026-03-25,113,850.95,2607.28,0,0,0,0,57,0,0,0,0,0,0,0,57,57,0,0,0,0,0,0,0,0,0
2026-03-26,56,742.10,1936.20,0,0,0,0,54,0,0,0,0,0,0,0,54,54,0,0,0,0,0,0,0,0,0
2026-03-27,46,436.67,1264.00,0,0,0,0,33,0,0,0,0,0,0,0,33,33,0,0,0,0,0,0,0,0,0
2026-03-28,111,1309.81,3475.03,0,0,0,0,95,0,0,0,0,0,0,0,95,95,0,0,0,0,0,0,0,0,0
2026-03-29,0,0,0,0,0,0,0,0,0,0,0,0,0,0,0,0,0,0,0,0,0,0,0,0,0,0
2026-03-30,0,0,0,1920,14262.76,45662.68,0,1920,0,0,0,0,0,0,0,0,0,0,0,0,0,0,0,0,0,0
2026-03-31,0,0,0,3997,52520.45,187366.07,1920,2076,1,1,0,0,0,0,0,0,0,0,0,0,0,0,0,0,0,0
2026-04-01,0,0,0,6375,85004.13,282490.77,3997,2378,0,0,0,0,0,0,0,0,0,0,0,0,0,0,0,0,0,0
2026-04-02,0,0,0,6725,87791.20,294206.46,6375,350,0,0,0,0,0,0,0,0,0,0,0,0,0,0,0,0,0,0
2026-04-03,0,0,0,7085,93756.61,316250.72,6725,360,0,0,0,0,0,0,0,0,0,0,0,0,0,0,0,0,0,0
2026-04-04,0,0,0,7085,93756.61,316250.72,7085,0,0,0,0,0,0,0,0,0,0,0,0,0,0,0,0,0,0,0
2026-04-05,0,0,0,7085,93756.61,316250.72,7085,0,0,0,0,0,0,0,0,0,0,0,0,0,0,0,0,0,0,0
2026-04-06,77,833.11,2393.90,7085,93756.61,316250.72,7085,76,0,0,0,0,0,0,0,76,76,0,0,0,0,0,0,0,0,0
2026-04-07,63,622.17,1967.68,7085,93756.61,316250.72,7085,55,0,0,0,0,0,0,0,55,55,0,0,0,0,0,0,0,0,0
2026-04-08,65,913.91,2778.83,7409,95752.84,328030.55,7085,387,0,0,0,0,0,0,0,63,63,0,0,0,0,0,0,0,0,0
2026-04-09,43,715.42,2168.70,7610,98197.92,328887.08,7409,84,159,159,0,0,0,0,0,42,42,0,0,0,0,0,0,0,0,0
2026-04-10,116,1027.17,2921.37,7705,100162.67,331379.75,7610,160,50,50,0,0,0,0,0,115,115,0,0,0,0,0,0,0,0,0
2026-04-11,160,1181.66,3366.79,7794,106072.89,336929.45,7705,200,43,43,0,0,0,0,0,154,154,0,0,0,0,0,0,0,0,0
2026-04-12,0,0,0,7794,106072.89,336929.45,7794,0,0,0,0,0,0,0,0,0,0,0,0,0,0,0,0,0,0,0
2026-04-13,106,1116.59,3124.00,7827,106659.10,338025.29,7794,96,33,33,0,0,0,0,0,96,96,0,0,0,0,0,0,0,0,0
2026-04-14,42,575.56,1482.66,7904,108099.63,341164.88,7827,42,77,77,0,0,0,0,0,42,42,0,0,0,0,0,0,0,0,0
2026-04-15,89,1205.66,2798.30,7964,109988.11,346279.00,7904,83,60,60,0,0,0,0,0,83,83,0,0,0,0,0,0,0,0,0
2026-04-16,74,1001.64,2781.36,7983,110477.43,347298.57,7964,73,19,19,0,0,0,0,0,73,73,0,0,0,0,0,0,0,0,0
2026-04-17,116,1273.74,3436.92,7983,110477.43,347298.57,7983,104,0,0,0,0,0,0,0,104,104,0,0,0,0,0,0,0,0,0
2026-04-18,143,1469.60,3944.26,7983,110477.43,347298.57,7983,143,0,0,0,0,0,0,0,143,143,0,0,0,0,0,0,0,0,0
2026-04-19,0,0,0,7983,110477.43,347298.57,7983,0,0,0,0,0,0,0,0,0,0,0,0,0,0,0,0,0,0,0
2026-04-20,51,394.75,894.70,7983,110477.43,347298.57,7983,51,0,0,0,0,0,0,0,51,51,0,0,0,0,0,0,0,0,0
2026-04-21,36,253.45,633.64,8161,112870.80,353481.76,7983,33,178,178,0,0,0,0,0,33,33,0,0,0,0,0,0,0,0,0
2026-04-22,53,530.92,1556.80,8286,114566.97,359307.13,8161,47,125,125,0,0,0,0,0,47,47,0,0,0,0,0,0,0,0,0
2026-04-23,33,356.10,1985.79,8297,115067.14,360761.05,8286,33,11,11,0,0,0,0,0,33,33,0,0,0,0,0,0,0,0,0
2026-04-24,57,501.05,1546.97,8319,115355.74,361404.17,8297,55,22,22,0,0,0,0,0,55,55,0,0,0,0,0,0,0,0,0
2026-04-25,109,1868.94,7752.49,8319,115355.74,361404.17,8319,98,0,0,0,0,0,0,0,98,98,0,0,0,0,0,0,0,0,0
2026-04-26,0,0,0,8320,115445.73,361594.16,8319,0,1,1,0,0,0,0,0,0,0,0,0,0,0,0,0,0,0,0
2026-04-27,43,343.56,1112.58,8425,116718.42,364583.08,8320,42,105,105,0,0,0,0,0,42,42,0,0,0,0,0,0,0,0,0
2026-04-28,46,520.23,1319.60,8464,117207.59,365959.07,8425,46,39,39,0,0,0,0,0,46,46,0,0,0,0,0,0,0,0,0
2026-04-29,65,1149.42,2877.23,8464,117207.59,365959.07,8464,65,0,0,0,0,0,0,0,65,65,0,0,0,0,0,0,0,0,0
2026-04-30,36,584.59,1250.20,8464,117207.59,365959.07,8464,36,0,0,0,0,0,0,0,36,36,0,0,0,0,0,0,0,0,0
2026-05-01,68,557.93,1649.04,8541,120220.04,372247.80,8464,68,77,77,0,0,0,0,0,68,68,0,0,0,0,0,0,0,0,0
2026-05-02,99,1406.99,6092.58,8607,124020.65,382632.92,8541,97,66,66,0,0,0,0,0,97,97,0,0,0,0,0,0,0,0,0
2026-05-03,0,0,0,8607,124020.65,382632.92,8607,0,0,0,0,0,0,0,0,0,0,0,0,0,0,0,0,0,0,0
2026-05-04,62,551.74,1695.90,8799,130349.75,405492.46,8607,62,192,192,0,0,0,0,0,62,62,0,0,0,0,0,0,0,0,0
2026-05-05,43,411.82,1426.29,8955,137268.74,427497.73,8799,42,156,156,0,0,0,0,0,42,42,0,0,0,0,0,2,49.45,0,0
2026-05-06,4,74.52,161.48,8966,137706.14,429116.79,8955,4,11,11,0,0,0,0,0,4,4,0,0,0,0,0,0,0,0,0
