table_name,ordinal_position,column_name,data_type,is_nullable,column_default
accounts_consigneeprofile,1,id,bigint,NO,
accounts_consigneeprofile,2,consignee_number,character varying,NO,
accounts_consigneeprofile,3,commission_rate,numeric,NO,
accounts_consigneeprofile,4,payout_method,character varying,NO,
accounts_consigneeprofile,5,status,character varying,NO,
accounts_consigneeprofile,6,join_date,date,NO,
accounts_consigneeprofile,7,notes,text,NO,
accounts_consigneeprofile,8,created_at,timestamp with time zone,NO,
accounts_consigneeprofile,9,user_id,bigint,NO,
accounts_customerprofile,1,id,bigint,NO,
accounts_customerprofile,2,customer_number,character varying,NO,
accounts_customerprofile,3,customer_since,date,NO,
accounts_customerprofile,4,notes,text,NO,
accounts_customerprofile,5,user_id,bigint,NO,
accounts_employeeprofile,1,id,bigint,NO,
accounts_employeeprofile,2,employee_number,character varying,NO,
accounts_employeeprofile,3,position,character varying,NO,
accounts_employeeprofile,4,employment_type,character varying,NO,
accounts_employeeprofile,5,pay_rate,numeric,NO,
accounts_employeeprofile,6,hire_date,date,NO,
accounts_employeeprofile,7,termination_date,date,YES,
accounts_employeeprofile,8,emergency_name,character varying,NO,
accounts_employeeprofile,9,emergency_phone,character varying,NO,
accounts_employeeprofile,10,notes,text,NO,
accounts_employeeprofile,11,created_at,timestamp with time zone,NO,
accounts_employeeprofile,12,department_id,bigint,YES,
accounts_employeeprofile,13,user_id,bigint,NO,
accounts_employeeprofile,14,work_location_id,bigint,YES,
accounts_employeeprofile,15,termination_notes,text,NO,
accounts_employeeprofile,16,termination_type,character varying,NO,
accounts_user,1,id,bigint,NO,
accounts_user,2,password,character varying,NO,
accounts_user,3,last_login,timestamp with time zone,YES,
accounts_user,4,is_superuser,boolean,NO,
accounts_user,5,email,character varying,NO,
accounts_user,6,first_name,character varying,NO,
accounts_user,7,last_name,character varying,NO,
accounts_user,8,phone,character varying,NO,
accounts_user,9,is_active,boolean,NO,
accounts_user,10,is_staff,boolean,NO,
accounts_user,11,date_joined,timestamp with time zone,NO,
accounts_user,12,updated_at,timestamp with time zone,NO,
accounts_user_groups,1,id,bigint,NO,
accounts_user_groups,2,user_id,bigint,NO,
accounts_user_groups,3,group_id,integer,NO,
accounts_user_user_permissions,1,id,bigint,NO,
accounts_user_user_permissions,2,user_id,bigint,NO,
accounts_user_user_permissions,3,permission_id,integer,NO,
auth_group,1,id,integer,NO,
auth_group,2,name,character varying,NO,
auth_group_permissions,1,id,bigint,NO,
auth_group_permissions,2,group_id,integer,NO,
auth_group_permissions,3,permission_id,integer,NO,
auth_permission,1,id,integer,NO,
auth_permission,2,name,character varying,NO,
auth_permission,3,content_type_id,integer,NO,
auth_permission,4,codename,character varying,NO,
buying_auction,1,id,bigint,NO,
buying_auction,2,external_id,character varying,NO,
buying_auction,3,title,character varying,NO,
buying_auction,4,description,text,NO,
buying_auction,5,url,character varying,NO,
buying_auction,6,category,character varying,NO,
buying_auction,7,condition_summary,character varying,NO,
buying_auction,8,lot_size,integer,YES,
buying_auction,9,current_price,numeric,YES,
buying_auction,10,starting_price,numeric,YES,
buying_auction,11,buy_now_price,numeric,YES,
buying_auction,12,bid_count,integer,YES,
buying_auction,13,time_remaining_seconds,integer,YES,
buying_auction,14,end_time,timestamp with time zone,YES,
buying_auction,15,status,character varying,NO,
buying_auction,16,has_manifest,boolean,NO,
buying_auction,17,ai_score,numeric,YES,
buying_auction,18,ai_score_data,jsonb,NO,
buying_auction,19,first_seen_at,timestamp with time zone,YES,
buying_auction,20,last_updated_at,timestamp with time zone,YES,
buying_auction,21,created_at,timestamp with time zone,NO,
buying_auction,22,marketplace_id,bigint,NO,
buying_auction,23,auction_ext_id,character varying,YES,
buying_auction,24,lot_id,character varying,YES,
buying_auction,25,seller_id,character varying,YES,
buying_auction,26,group_id,character varying,YES,
buying_auction,27,listing_type,character varying,NO,
buying_auction,28,total_retail_value,numeric,YES,
buying_auction,29,ai_category_estimates,jsonb,YES,
buying_auction,30,estimated_fees,numeric,YES,
buying_auction,31,estimated_revenue,numeric,YES,
buying_auction,32,estimated_shipping,numeric,YES,
buying_auction,33,estimated_total_cost,numeric,YES,
buying_auction,34,manifest_category_distribution,jsonb,YES,
buying_auction,35,need_score,smallint,YES,
buying_auction,36,priority,smallint,NO,
buying_auction,37,priority_override,boolean,NO,
buying_auction,38,profit_target_override,numeric,YES,
buying_auction,39,profitability_ratio,numeric,YES,
buying_auction,40,revenue_override,numeric,YES,
buying_auction,41,shrinkage_override,numeric,YES,
buying_auction,42,fees_override,numeric,YES,
buying_auction,43,shipping_override,numeric,YES,
buying_auction,44,archived_at,timestamp with time zone,YES,
buying_auction,45,est_profit,numeric,YES,
buying_auction,46,manifest_pulled_at,timestamp with time zone,YES,
buying_auctionsnapshot,1,id,bigint,NO,
buying_auctionsnapshot,2,price,numeric,YES,
buying_auctionsnapshot,3,bid_count,integer,YES,
buying_auctionsnapshot,4,time_remaining_seconds,integer,YES,
buying_auctionsnapshot,5,captured_at,timestamp with time zone,NO,
buying_auctionsnapshot,6,auction_id,bigint,NO,
buying_auctionthumbsvote,1,id,bigint,NO,
buying_auctionthumbsvote,2,created_at,timestamp with time zone,NO,
buying_auctionthumbsvote,3,auction_id,bigint,NO,
buying_auctionthumbsvote,4,user_id,bigint,NO,
buying_bid,1,id,bigint,NO,
buying_bid,2,amount,numeric,NO,
buying_bid,3,strategy,character varying,NO,
buying_bid,4,bid_time,timestamp with time zone,NO,
buying_bid,5,was_winning,boolean,YES,
buying_bid,6,notes,text,NO,
buying_bid,7,created_at,timestamp with time zone,NO,
buying_bid,8,auction_id,bigint,NO,
buying_categorymapping,1,id,bigint,NO,
buying_categorymapping,2,source_key,character varying,NO,
buying_categorymapping,3,canonical_category,character varying,NO,
buying_categorymapping,4,rule_origin,character varying,NO,
buying_categorymapping,5,ai_reasoning,text,NO,
buying_categorymapping,6,created_at,timestamp with time zone,NO,
buying_categorymapping,7,updated_at,timestamp with time zone,NO,
buying_categorystats,1,id,bigint,NO,
buying_categorystats,2,category,character varying,NO,
buying_categorystats,3,recovery_rate,numeric,NO,
buying_categorystats,4,have_retail,numeric,NO,
buying_categorystats,5,have_units,integer,NO,
buying_categorystats,6,want_retail,numeric,NO,
buying_categorystats,7,want_units,integer,NO,
buying_categorystats,8,need_retail,numeric,NO,
buying_categorystats,9,need_units,integer,NO,
buying_categorystats,10,computed_at,timestamp with time zone,NO,
buying_categorystats,11,recovery_sold_amount,numeric,YES,
buying_categorystats,12,recovery_retail_amount,numeric,YES,
buying_categorystats,13,avg_cost,numeric,YES,
buying_categorystats,14,avg_retail,numeric,YES,
buying_categorystats,15,avg_sold_price,numeric,YES,
buying_categorystats,16,need_score_1to99,smallint,NO,
buying_categorystats,17,good_data_sample_size,integer,NO,
buying_categorystats,18,recovery_cost_amount,numeric,YES,
buying_manifestpulllog,1,id,bigint,NO,
buying_manifestpulllog,2,started_at,timestamp with time zone,NO,
buying_manifestpulllog,3,completed_at,timestamp with time zone,NO,
buying_manifestpulllog,4,rows_downloaded,integer,NO,
buying_manifestpulllog,5,api_calls,integer,NO,
buying_manifestpulllog,6,duration_seconds,double precision,NO,
buying_manifestpulllog,7,used_socks5,boolean,NO,
buying_manifestpulllog,8,success,boolean,NO,
buying_manifestpulllog,9,error_message,text,NO,
buying_manifestpulllog,10,auction_id,bigint,NO,
buying_manifestrow,1,id,bigint,NO,
buying_manifestrow,2,row_number,integer,NO,
buying_manifestrow,3,raw_data,jsonb,NO,
buying_manifestrow,4,title,character varying,NO,
buying_manifestrow,5,brand,character varying,NO,
buying_manifestrow,6,model,character varying,NO,
buying_manifestrow,7,sku,character varying,NO,
buying_manifestrow,8,upc,character varying,NO,
buying_manifestrow,9,quantity,integer,YES,
buying_manifestrow,10,retail_value,numeric,YES,
buying_manifestrow,11,condition,character varying,NO,
buying_manifestrow,12,notes,text,NO,
buying_manifestrow,13,created_at,timestamp with time zone,NO,
buying_manifestrow,14,auction_id,bigint,NO,
buying_manifestrow,15,canonical_category,character varying,YES,
buying_manifestrow,16,category_confidence,character varying,YES,
buying_manifestrow,17,fast_cat_key,character varying,NO,
buying_manifestrow,18,fast_cat_value,character varying,YES,
buying_manifestrow,19,manifest_template_id,bigint,YES,
buying_manifesttemplate,1,id,bigint,NO,
buying_manifesttemplate,2,header_signature,character varying,NO,
buying_manifesttemplate,3,display_name,character varying,NO,
buying_manifesttemplate,4,column_map,jsonb,NO,
buying_manifesttemplate,5,category_fields,jsonb,NO,
buying_manifesttemplate,6,category_field_transforms,jsonb,NO,
buying_manifesttemplate,7,min_fill_threshold,numeric,NO,
buying_manifesttemplate,8,is_reviewed,boolean,NO,
buying_manifesttemplate,9,notes,text,NO,
buying_manifesttemplate,10,created_at,timestamp with time zone,NO,
buying_manifesttemplate,11,updated_at,timestamp with time zone,NO,
buying_manifesttemplate,12,marketplace_id,bigint,NO,
buying_marketplace,1,id,bigint,NO,
buying_marketplace,2,name,character varying,NO,
buying_marketplace,3,slug,character varying,NO,
buying_marketplace,4,base_url,character varying,NO,
buying_marketplace,5,notes,text,NO,
buying_marketplace,6,is_active,boolean,NO,
buying_marketplace,7,created_at,timestamp with time zone,NO,
buying_marketplace,8,updated_at,timestamp with time zone,NO,
buying_marketplace,9,external_id,character varying,YES,
buying_marketplace,10,default_fee_rate,numeric,YES,
buying_marketplace,11,default_shipping_rate,numeric,YES,
buying_outcome,1,id,bigint,NO,
buying_outcome,2,hammer_price,numeric,YES,
buying_outcome,3,fees,numeric,YES,
buying_outcome,4,shipping_cost,numeric,YES,
buying_outcome,5,total_cost,numeric,YES,
buying_outcome,6,win,boolean,NO,
buying_outcome,7,margin_estimate,numeric,YES,
buying_outcome,8,notes,text,NO,
buying_outcome,9,captured_at,timestamp with time zone,YES,
buying_outcome,10,created_at,timestamp with time zone,NO,
buying_outcome,11,auction_id,bigint,NO,
buying_pricingrule,1,id,bigint,NO,
buying_pricingrule,2,category,character varying,NO,
buying_pricingrule,3,sell_through_rate,numeric,NO,
buying_pricingrule,4,avg_retail,numeric,YES,
buying_pricingrule,5,avg_sold_price,numeric,YES,
buying_pricingrule,6,sample_size,integer,NO,
buying_pricingrule,7,version_date,date,NO,
buying_pricingrule,8,notes,text,NO,
buying_pricingrule,9,created_at,timestamp with time zone,NO,
buying_pricingrule,10,updated_at,timestamp with time zone,NO,
buying_watchlistentry,1,id,bigint,NO,
buying_watchlistentry,2,priority,character varying,NO,
buying_watchlistentry,3,status,character varying,NO,
buying_watchlistentry,4,notes,text,NO,
buying_watchlistentry,5,poll_interval_seconds,integer,NO,
buying_watchlistentry,6,added_at,timestamp with time zone,NO,
buying_watchlistentry,7,updated_at,timestamp with time zone,NO,
buying_watchlistentry,8,auction_id,bigint,NO,
buying_watchlistentry,9,last_polled_at,timestamp with time zone,YES,
consignment_consignmentagreement,1,id,bigint,NO,
consignment_consignmentagreement,2,agreement_number,character varying,NO,
consignment_consignmentagreement,3,commission_rate,numeric,NO,
consignment_consignmentagreement,4,status,character varying,NO,
consignment_consignmentagreement,5,start_date,date,NO,
consignment_consignmentagreement,6,end_date,date,YES,
consignment_consignmentagreement,7,terms,text,NO,
consignment_consignmentagreement,8,created_at,timestamp with time zone,NO,
consignment_consignmentagreement,9,consignee_id,bigint,NO,
consignment_consignmentitem,1,id,bigint,NO,
consignment_consignmentitem,2,asking_price,numeric,NO,
consignment_consignmentitem,3,listed_price,numeric,NO,
consignment_consignmentitem,4,status,character varying,NO,
consignment_consignmentitem,5,received_at,timestamp with time zone,NO,
consignment_consignmentitem,6,listed_at,timestamp with time zone,YES,
consignment_consignmentitem,7,sold_at,timestamp with time zone,YES,
consignment_consignmentitem,8,sale_amount,numeric,YES,
consignment_consignmentitem,9,store_commission,numeric,YES,
consignment_consignmentitem,10,consignee_earnings,numeric,YES,
consignment_consignmentitem,11,return_date,timestamp with time zone,YES,
consignment_consignmentitem,12,notes,text,NO,
consignment_consignmentitem,13,agreement_id,bigint,NO,
consignment_consignmentitem,14,item_id,bigint,NO,
consignment_consignmentpayout,1,id,bigint,NO,
consignment_consignmentpayout,2,payout_number,character varying,NO,
consignment_consignmentpayout,3,period_start,date,NO,
consignment_consignmentpayout,4,period_end,date,NO,
consignment_consignmentpayout,5,items_sold,integer,NO,
consignment_consignmentpayout,6,total_sales,numeric,NO,
consignment_consignmentpayout,7,total_commission,numeric,NO,
consignment_consignmentpayout,8,payout_amount,numeric,NO,
consignment_consignmentpayout,9,status,character varying,NO,
consignment_consignmentpayout,10,paid_at,timestamp with time zone,YES,
consignment_consignmentpayout,11,payment_method,character varying,NO,
consignment_consignmentpayout,12,notes,text,NO,
consignment_consignmentpayout,13,created_at,timestamp with time zone,NO,
consignment_consignmentpayout,14,consignee_id,bigint,NO,
consignment_consignmentpayout,15,paid_by_id,bigint,YES,
core_appsetting,1,id,bigint,NO,
core_appsetting,2,key,character varying,NO,
core_appsetting,3,value,jsonb,NO,
core_appsetting,4,description,character varying,NO,
core_appsetting,5,updated_at,timestamp with time zone,NO,
core_appsetting,6,updated_by_id,bigint,YES,
core_printserverrelease,1,id,bigint,NO,
core_printserverrelease,2,version,character varying,NO,
core_printserverrelease,3,release_notes,text,NO,
core_printserverrelease,4,is_current,boolean,NO,
core_printserverrelease,5,released_at,timestamp with time zone,NO,
core_printserverrelease,6,released_by_id,bigint,YES,
core_printserverrelease,7,s3_file_id,bigint,NO,
core_s3file,1,id,bigint,NO,
core_s3file,2,key,character varying,NO,
core_s3file,3,filename,character varying,NO,
core_s3file,4,size,integer,NO,
core_s3file,5,content_type,character varying,NO,
core_s3file,6,uploaded_at,timestamp with time zone,NO,
core_s3file,7,uploaded_by_id,bigint,YES,
core_worklocation,1,id,bigint,NO,
core_worklocation,2,name,character varying,NO,
core_worklocation,3,address,text,NO,
core_worklocation,4,phone,character varying,NO,
core_worklocation,5,timezone,character varying,NO,
core_worklocation,6,is_active,boolean,NO,
core_worklocation,7,created_at,timestamp with time zone,NO,
django_admin_log,1,id,integer,NO,
django_admin_log,2,action_time,timestamp with time zone,NO,
django_admin_log,3,object_id,text,YES,
django_admin_log,4,object_repr,character varying,NO,
django_admin_log,5,action_flag,smallint,NO,
django_admin_log,6,change_message,text,NO,
django_admin_log,7,content_type_id,integer,YES,
django_admin_log,8,user_id,bigint,NO,
django_cache_table,1,cache_key,character varying,NO,
django_cache_table,2,value,text,NO,
django_cache_table,3,expires,timestamp with time zone,NO,
django_content_type,1,id,integer,NO,
django_content_type,2,app_label,character varying,NO,
django_content_type,3,model,character varying,NO,
django_migrations,1,id,bigint,NO,
django_migrations,2,app,character varying,NO,
django_migrations,3,name,character varying,NO,
django_migrations,4,applied,timestamp with time zone,NO,
django_session,1,session_key,character varying,NO,
django_session,2,session_data,text,NO,
django_session,3,expire_date,timestamp with time zone,NO,
hr_department,1,id,bigint,NO,
hr_department,2,name,character varying,NO,
hr_department,3,description,text,NO,
hr_department,4,is_active,boolean,NO,
hr_department,5,location_id,bigint,YES,
hr_department,6,manager_id,bigint,YES,
hr_sickleavebalance,1,id,bigint,NO,
hr_sickleavebalance,2,year,integer,NO,
hr_sickleavebalance,3,hours_earned,numeric,NO,
hr_sickleavebalance,4,hours_used,numeric,NO,
hr_sickleavebalance,5,employee_id,bigint,NO,
hr_sickleaverequest,1,id,bigint,NO,
hr_sickleaverequest,2,start_date,date,NO,
hr_sickleaverequest,3,end_date,date,NO,
hr_sickleaverequest,4,hours_requested,numeric,NO,
hr_sickleaverequest,5,status,character varying,NO,
hr_sickleaverequest,6,reason,text,NO,
hr_sickleaverequest,7,review_note,text,NO,
hr_sickleaverequest,8,reviewed_at,timestamp with time zone,YES,
hr_sickleaverequest,9,created_at,timestamp with time zone,NO,
hr_sickleaverequest,10,employee_id,bigint,NO,
hr_sickleaverequest,11,reviewed_by_id,bigint,YES,
hr_timeentry,1,id,bigint,NO,
hr_timeentry,2,date,date,NO,
hr_timeentry,3,clock_in,timestamp with time zone,NO,
hr_timeentry,4,clock_out,timestamp with time zone,YES,
hr_timeentry,5,break_minutes,integer,NO,
hr_timeentry,6,total_hours,numeric,YES,
hr_timeentry,7,status,character varying,NO,
hr_timeentry,8,notes,text,NO,
hr_timeentry,9,created_at,timestamp with time zone,NO,
hr_timeentry,10,updated_at,timestamp with time zone,NO,
hr_timeentry,11,approved_by_id,bigint,YES,
hr_timeentry,12,employee_id,bigint,NO,
hr_timeentrymodificationrequest,1,id,bigint,NO,
hr_timeentrymodificationrequest,2,requested_clock_in,timestamp with time zone,YES,
hr_timeentrymodificationrequest,3,requested_clock_out,timestamp with time zone,YES,
hr_timeentrymodificationrequest,4,requested_break_minutes,integer,YES,
hr_timeentrymodificationrequest,5,reason,text,NO,
hr_timeentrymodificationrequest,6,status,character varying,NO,
hr_timeentrymodificationrequest,7,review_note,text,NO,
hr_timeentrymodificationrequest,8,reviewed_at,timestamp with time zone,YES,
hr_timeentrymodificationrequest,9,created_at,timestamp with time zone,NO,
hr_timeentrymodificationrequest,10,employee_id,bigint,NO,
hr_timeentrymodificationrequest,11,reviewed_by_id,bigint,YES,
hr_timeentrymodificationrequest,12,time_entry_id,bigint,NO,
inventory_batchgroup,1,id,bigint,NO,
inventory_batchgroup,2,batch_number,character varying,NO,
inventory_batchgroup,3,total_qty,integer,NO,
inventory_batchgroup,4,status,character varying,NO,
inventory_batchgroup,5,unit_price,numeric,YES,
inventory_batchgroup,6,unit_cost,numeric,YES,
inventory_batchgroup,7,condition,character varying,NO,
inventory_batchgroup,8,location,character varying,NO,
inventory_batchgroup,9,processed_at,timestamp with time zone,YES,
inventory_batchgroup,10,notes,text,NO,
inventory_batchgroup,11,created_at,timestamp with time zone,NO,
inventory_batchgroup,12,updated_at,timestamp with time zone,NO,
inventory_batchgroup,13,manifest_row_id,bigint,YES,
inventory_batchgroup,14,processed_by_id,bigint,YES,
inventory_batchgroup,15,product_id,bigint,YES,
inventory_batchgroup,16,purchase_order_id,bigint,YES,
inventory_category,1,id,bigint,NO,
inventory_category,2,name,character varying,NO,
inventory_category,3,slug,character varying,NO,
inventory_category,4,spec_template,jsonb,NO,
inventory_category,5,created_at,timestamp with time zone,NO,
inventory_category,6,updated_at,timestamp with time zone,NO,
inventory_category,7,parent_id,bigint,YES,
inventory_csvtemplate,1,id,bigint,NO,
inventory_csvtemplate,2,name,character varying,NO,
inventory_csvtemplate,3,header_signature,character varying,NO,
inventory_csvtemplate,4,column_mappings,jsonb,NO,
inventory_csvtemplate,5,is_default,boolean,NO,
inventory_csvtemplate,6,created_at,timestamp with time zone,NO,
inventory_csvtemplate,7,vendor_id,bigint,NO,
inventory_item,1,id,bigint,NO,
inventory_item,2,sku,character varying,NO,
inventory_item,3,title,character varying,NO,
inventory_item,4,brand,character varying,NO,
inventory_item,5,price,numeric,NO,
inventory_item,6,cost,numeric,YES,
inventory_item,7,source,character varying,NO,
inventory_item,8,status,character varying,NO,
inventory_item,9,location,character varying,NO,
inventory_item,10,listed_at,timestamp with time zone,YES,
inventory_item,11,sold_at,timestamp with time zone,YES,
inventory_item,12,sold_for,numeric,YES,
inventory_item,13,notes,text,NO,
inventory_item,14,created_at,timestamp with time zone,NO,
inventory_item,15,updated_at,timestamp with time zone,NO,
inventory_item,16,product_id,bigint,YES,
inventory_item,17,purchase_order_id,bigint,YES,
inventory_item,18,condition,character varying,NO,
inventory_item,19,manifest_row_id,bigint,YES,
inventory_item,20,processing_tier,character varying,NO,
inventory_item,21,specifications,jsonb,NO,
inventory_item,22,batch_group_id,bigint,YES,
inventory_item,23,checked_in_at,timestamp with time zone,YES,
inventory_item,24,checked_in_by_id,bigint,YES,
inventory_item,25,search_text,text,NO,
inventory_item,26,unit_retail,numeric,YES,
inventory_item,27,dispute_description,text,NO,
inventory_item,28,dispute_pct_loss,smallint,YES,
inventory_item,29,dispute_type,character varying,NO,
inventory_itemhistory,1,id,bigint,NO,
inventory_itemhistory,2,event_type,character varying,NO,
inventory_itemhistory,3,old_value,character varying,NO,
inventory_itemhistory,4,new_value,character varying,NO,
inventory_itemhistory,5,note,text,NO,
inventory_itemhistory,6,created_at,timestamp with time zone,NO,
inventory_itemhistory,7,created_by_id,bigint,YES,
inventory_itemhistory,8,item_id,bigint,NO,
inventory_itemscanhistory,1,id,bigint,NO,
inventory_itemscanhistory,2,scanned_at,timestamp with time zone,NO,
inventory_itemscanhistory,3,ip_address,inet,YES,
inventory_itemscanhistory,4,source,character varying,NO,
inventory_itemscanhistory,5,item_id,bigint,NO,
inventory_itemscanhistory,6,outcome,character varying,NO,
inventory_itemscanhistory,7,cart_id,bigint,YES,
inventory_itemscanhistory,8,created_by_id,bigint,YES,
inventory_itemswapaudit,1,id,bigint,NO,
inventory_itemswapaudit,2,swapped_at,timestamp with time zone,NO,
inventory_itemswapaudit,3,mode,character varying,NO,
inventory_itemswapaudit,4,snapshot,jsonb,NO,
inventory_itemswapaudit,5,purchase_order_id,bigint,NO,
inventory_itemswapaudit,6,source_row_id,bigint,NO,
inventory_itemswapaudit,7,swapped_by_id,bigint,YES,
inventory_itemswapaudit,8,target_row_id,bigint,NO,
inventory_manifestrow,1,id,bigint,NO,
inventory_manifestrow,2,row_number,integer,NO,
inventory_manifestrow,3,quantity,integer,NO,
inventory_manifestrow,4,description,text,NO,
inventory_manifestrow,5,brand,character varying,NO,
inventory_manifestrow,6,model,character varying,NO,
inventory_manifestrow,7,unit_retail,numeric,YES,
inventory_manifestrow,8,notes,text,NO,
inventory_manifestrow,9,purchase_order_id,bigint,NO,
inventory_manifestrow,10,match_status,character varying,NO,
inventory_manifestrow,11,matched_product_id,bigint,YES,
inventory_manifestrow,12,final_price,numeric,YES,
inventory_manifestrow,13,pricing_notes,text,NO,
inventory_manifestrow,14,pricing_stage,character varying,NO,
inventory_manifestrow,15,proposed_price,numeric,YES,
inventory_manifestrow,16,ai_match_decision,character varying,NO,
inventory_manifestrow,17,ai_reasoning,text,NO,
inventory_manifestrow,18,batch_flag,boolean,NO,
inventory_manifestrow,19,condition,character varying,NO,
inventory_manifestrow,20,match_candidates,jsonb,NO,
inventory_manifestrow,21,specifications,jsonb,NO,
inventory_manifestrow,22,title,character varying,NO,
inventory_manifestrow,23,identifiers,jsonb,NO,'{}'::jsonb
inventory_manifestrow,24,taxonomy,jsonb,NO,'{}'::jsonb
inventory_manifestrow,25,search_tags,jsonb,NO,'[]'::jsonb
inventory_manifestrow,26,tracking,jsonb,NO,
inventory_manifestrow,27,category,character varying,NO,
inventory_preprocessingorder,1,id,bigint,NO,
inventory_preprocessingorder,2,workflow_status,character varying,NO,
inventory_preprocessingorder,3,current_step,smallint,NO,
inventory_preprocessingorder,4,manifest_headers,jsonb,NO,
inventory_preprocessingorder,5,header_signature,character varying,NO,
inventory_preprocessingorder,6,standardization_formulas,jsonb,NO,
inventory_preprocessingorder,7,template_name,character varying,NO,
inventory_preprocessingorder,8,row_count,integer,NO,
inventory_preprocessingorder,9,standardized_at,timestamp with time zone,YES,
inventory_preprocessingorder,10,last_ai_import_at,timestamp with time zone,YES,
inventory_preprocessingorder,11,review_saved_at,timestamp with time zone,YES,
inventory_preprocessingorder,12,finalized_at,timestamp with time zone,YES,
inventory_preprocessingorder,13,created_at,timestamp with time zone,NO,
inventory_preprocessingorder,14,updated_at,timestamp with time zone,NO,
inventory_preprocessingorder,15,purchase_order_id,bigint,NO,
inventory_preprocessingorder,16,template_id,bigint,YES,
inventory_preprocessingrow,1,id,bigint,NO,
inventory_preprocessingrow,2,row_number,integer,NO,
inventory_preprocessingrow,3,raw_row,jsonb,NO,
inventory_preprocessingrow,4,quantity,integer,NO,
inventory_preprocessingrow,5,standard_description,text,NO,
inventory_preprocessingrow,6,standard_brand,character varying,NO,
inventory_preprocessingrow,7,standard_model,character varying,NO,
inventory_preprocessingrow,8,standard_condition,character varying,NO,
inventory_preprocessingrow,9,unit_retail,numeric,YES,
inventory_preprocessingrow,10,proposed_price,numeric,YES,
inventory_preprocessingrow,11,final_price,numeric,YES,
inventory_preprocessingrow,12,pricing_stage,character varying,NO,
inventory_preprocessingrow,13,pricing_notes,text,NO,
inventory_preprocessingrow,14,batch_flag,boolean,NO,
inventory_preprocessingrow,15,standard_specifications,jsonb,NO,
inventory_preprocessingrow,16,ai_reasoning,text,NO,
inventory_preprocessingrow,17,ai_title,character varying,NO,
inventory_preprocessingrow,18,ai_brand,character varying,NO,
inventory_preprocessingrow,19,ai_model,character varying,NO,
inventory_preprocessingrow,20,standard_notes,text,NO,
inventory_preprocessingrow,21,updated_at,timestamp with time zone,NO,
inventory_preprocessingrow,22,preprocessing_order_id,bigint,NO,
inventory_preprocessingrow,23,purchase_order_id,bigint,NO,
inventory_preprocessingrow,24,standard_identifiers,jsonb,NO,'{}'::jsonb
inventory_preprocessingrow,25,standard_taxonomy,jsonb,NO,'{}'::jsonb
inventory_preprocessingrow,26,standard_search_tags,jsonb,NO,'[]'::jsonb
inventory_preprocessingrow,27,standard_tracking,jsonb,NO,
inventory_preprocessingrow,28,ai_description,text,NO,
inventory_preprocessingrow,29,ai_condition,character varying,NO,
inventory_preprocessingrow,30,ai_notes,text,NO,
inventory_preprocessingrow,31,ai_identifiers,jsonb,NO,
inventory_preprocessingrow,32,ai_taxonomy,jsonb,NO,
inventory_preprocessingrow,33,ai_specifications,jsonb,NO,
inventory_preprocessingrow,34,ai_tracking,jsonb,NO,
inventory_preprocessingrow,35,ai_search_tags,jsonb,NO,
inventory_preprocessingrow,36,final_description,text,YES,
inventory_preprocessingrow,37,final_title,character varying,YES,
inventory_preprocessingrow,38,final_brand,character varying,YES,
inventory_preprocessingrow,39,final_model,character varying,YES,
inventory_preprocessingrow,40,final_condition,character varying,YES,
inventory_preprocessingrow,41,final_notes,text,YES,
inventory_preprocessingrow,42,final_identifiers,jsonb,YES,
inventory_preprocessingrow,43,final_taxonomy,jsonb,YES,
inventory_preprocessingrow,44,final_specifications,jsonb,YES,
inventory_preprocessingrow,45,final_tracking,jsonb,YES,
inventory_preprocessingrow,46,final_search_tags,jsonb,YES,
inventory_preprocessingrow,47,ai_category,character varying,NO,
inventory_preprocessingrow,48,final_category,character varying,YES,
inventory_preprocessingrow,49,ai_status,jsonb,NO,
inventory_processingbatch,1,id,bigint,NO,
inventory_processingbatch,2,status,character varying,NO,
inventory_processingbatch,3,total_rows,integer,NO,
inventory_processingbatch,4,processed_count,integer,NO,
inventory_processingbatch,5,items_created,integer,NO,
inventory_processingbatch,6,started_at,timestamp with time zone,YES,
inventory_processingbatch,7,completed_at,timestamp with time zone,YES,
inventory_processingbatch,8,notes,text,NO,
inventory_processingbatch,9,created_by_id,bigint,YES,
inventory_processingbatch,10,purchase_order_id,bigint,NO,
inventory_processingdatabuild,1,id,bigint,NO,
inventory_processingdatabuild,2,status,character varying,NO,
inventory_processingdatabuild,3,generation,integer,NO,
inventory_processingdatabuild,4,chunk_size,integer,NO,
inventory_processingdatabuild,5,max_items_per_chunk,integer,NO,
inventory_processingdatabuild,6,total_rows,integer,NO,
inventory_processingdatabuild,7,processed_rows,integer,NO,
inventory_processingdatabuild,8,total_items,integer,NO,
inventory_processingdatabuild,9,created_items,integer,NO,
inventory_processingdatabuild,10,current_row_number,integer,NO,
inventory_processingdatabuild,11,error_count,integer,NO,
inventory_processingdatabuild,12,warnings,jsonb,NO,
inventory_processingdatabuild,13,last_error,text,NO,
inventory_processingdatabuild,14,started_at,timestamp with time zone,YES,
inventory_processingdatabuild,15,updated_at,timestamp with time zone,NO,
inventory_processingdatabuild,16,completed_at,timestamp with time zone,YES,
inventory_processingdatabuild,17,purchase_order_id,bigint,NO,
inventory_processingdatabuild,18,created_by_id,bigint,YES,
inventory_processingrow,1,id,bigint,NO,
inventory_processingrow,2,row_number,integer,NO,
inventory_processingrow,3,quantity,integer,NO,
inventory_processingrow,4,unit_retail,numeric,YES,
inventory_processingrow,5,proposed_price,numeric,YES,
inventory_processingrow,6,final_price,numeric,YES,
inventory_processingrow,7,pricing_stage,character varying,NO,
inventory_processingrow,8,pricing_notes,text,NO,
inventory_processingrow,9,batch_flag,boolean,NO,
inventory_processingrow,10,ai_reasoning,text,NO,
inventory_processingrow,11,title,character varying,NO,
inventory_processingrow,12,brand,character varying,NO,
inventory_processingrow,13,model,character varying,NO,
inventory_processingrow,14,category,character varying,NO,
inventory_processingrow,15,condition,character varying,NO,
inventory_processingrow,16,description,text,NO,
inventory_processingrow,17,notes,text,NO,
inventory_processingrow,18,identifiers,jsonb,NO,
inventory_processingrow,19,taxonomy,jsonb,NO,
inventory_processingrow,20,specifications,jsonb,NO,
inventory_processingrow,21,tracking,jsonb,NO,
inventory_processingrow,22,search_tags,jsonb,NO,
inventory_processingrow,23,created_at,timestamp with time zone,NO,
inventory_processingrow,24,updated_at,timestamp with time zone,NO,
inventory_processingrow,25,preprocessing_row_id,bigint,YES,
inventory_processingrow,26,purchase_order_id,bigint,NO,
inventory_processingrow,27,has_on_shelf_unit,boolean,NO,
inventory_processingrow,28,item_ids,jsonb,NO,
inventory_processingrow,29,list_dispatch,character varying,NO,
inventory_processingrow,30,list_sku,character varying,NO,
inventory_processingrow,31,list_unit_price,numeric,YES,
inventory_processingrow,32,manifest_row_id,bigint,YES,
inventory_processingrow,33,matched_product_id,bigint,YES,
inventory_processingrow,34,pending_item_count,integer,NO,
inventory_processingrow,35,qty_dispositioned,integer,NO,
inventory_processingrow,36,queue_status,character varying,NO,
inventory_processingrow,37,search_string,text,NO,
inventory_product,1,id,bigint,NO,
inventory_product,2,title,character varying,NO,
inventory_product,3,brand,character varying,NO,
inventory_product,4,model,character varying,NO,
inventory_product,5,category,character varying,NO,
inventory_product,6,description,text,NO,
inventory_product,7,default_price,numeric,YES,
inventory_product,8,created_at,timestamp with time zone,NO,
inventory_product,9,updated_at,timestamp with time zone,NO,
inventory_product,10,is_active,boolean,NO,
inventory_product,11,product_number,character varying,YES,
inventory_product,12,specifications,jsonb,NO,
inventory_product,13,times_ordered,integer,NO,
inventory_product,14,total_units_received,integer,NO,
inventory_product,15,upc,character varying,NO,
inventory_product,16,category_ref_id,bigint,YES,
inventory_productmergeaudit,1,id,bigint,NO,
inventory_productmergeaudit,2,merged_at,timestamp with time zone,NO,
inventory_productmergeaudit,3,source_manifest_row_ids,jsonb,NO,
inventory_productmergeaudit,4,snapshot,jsonb,NO,
inventory_productmergeaudit,5,merged_by_id,bigint,YES,
inventory_productmergeaudit,6,purchase_order_id,bigint,NO,
inventory_productmergeaudit,7,target_product_id,bigint,NO,
inventory_purchaseorder,1,id,bigint,NO,
inventory_purchaseorder,2,order_number,character varying,NO,
inventory_purchaseorder,3,status,character varying,NO,
inventory_purchaseorder,4,ordered_date,date,NO,
inventory_purchaseorder,5,expected_delivery,date,YES,
inventory_purchaseorder,6,delivered_date,date,YES,
inventory_purchaseorder,7,total_cost,numeric,YES,
inventory_purchaseorder,8,item_count,integer,NO,
inventory_purchaseorder,9,notes,text,NO,
inventory_purchaseorder,10,created_at,timestamp with time zone,NO,
inventory_purchaseorder,11,updated_at,timestamp with time zone,NO,
inventory_purchaseorder,12,created_by_id,bigint,YES,
inventory_purchaseorder,13,manifest_id,bigint,YES,
inventory_purchaseorder,14,vendor_id,bigint,NO,
inventory_purchaseorder,15,fees,numeric,YES,
inventory_purchaseorder,16,paid_date,date,YES,
inventory_purchaseorder,17,purchase_cost,numeric,YES,
inventory_purchaseorder,18,shipping_cost,numeric,YES,
inventory_purchaseorder,19,shipped_date,date,YES,
inventory_purchaseorder,20,condition,character varying,NO,
inventory_purchaseorder,21,description,character varying,NO,
inventory_purchaseorder,22,retail_value,numeric,YES,
inventory_purchaseorder,23,manifest_preview,jsonb,YES,
inventory_purchaseorder,24,ai_cleanup_generation,integer,NO,
inventory_purchaseorder,25,est_shrink,numeric,NO,
inventory_purchaseorder,26,search_text,text,NO,
inventory_purchaseorder,27,vendor_code_cache,character varying,NO,
inventory_purchaseorder,28,vendor_name_cache,character varying,NO,
inventory_purchaseorder,29,order_pallet_count,smallint,YES,
inventory_receiving,1,id,bigint,NO,
inventory_receiving,2,received_date,date,YES,
inventory_receiving,3,start_time,time without time zone,YES,
inventory_receiving,4,end_time,time without time zone,YES,
inventory_receiving,5,condition,character varying,NO,
inventory_receiving,6,issues,text,NO,
inventory_receiving,7,pallet_count,smallint,NO,
inventory_receiving,8,completed_at,timestamp with time zone,YES,
inventory_receiving,9,draft_version,integer,NO,
inventory_receiving,10,created_at,timestamp with time zone,NO,
inventory_receiving,11,updated_at,timestamp with time zone,NO,
inventory_receiving,12,created_by_id,bigint,YES,
inventory_receiving,13,purchase_order_id,bigint,NO,
inventory_receivingattachment,1,id,bigint,NO,
inventory_receivingattachment,2,kind,character varying,NO,
inventory_receivingattachment,3,pallet_number,smallint,YES,
inventory_receivingattachment,4,side,character varying,NO,
inventory_receivingattachment,5,client_photo_id,uuid,YES,
inventory_receivingattachment,6,created_at,timestamp with time zone,NO,
inventory_receivingattachment,7,receiving_id,bigint,NO,
inventory_receivingattachment,8,s3_file_id,bigint,NO,
inventory_receivingpallet,1,id,bigint,NO,
inventory_receivingpallet,2,pallet_number,smallint,NO,
inventory_receivingpallet,3,damaged,boolean,NO,
inventory_receivingpallet,4,receiving_id,bigint,NO,
inventory_vendor,1,id,bigint,NO,
inventory_vendor,2,name,character varying,NO,
inventory_vendor,3,code,character varying,NO,
inventory_vendor,4,vendor_type,character varying,NO,
inventory_vendor,5,contact_name,character varying,NO,
inventory_vendor,6,contact_email,character varying,NO,
inventory_vendor,7,contact_phone,character varying,NO,
inventory_vendor,8,address,text,NO,
inventory_vendor,9,notes,text,NO,
inventory_vendor,10,is_active,boolean,NO,
inventory_vendor,11,created_at,timestamp with time zone,NO,
inventory_vendorproductref,1,id,bigint,NO,
inventory_vendorproductref,2,vendor_item_number,character varying,NO,
inventory_vendorproductref,3,vendor_description,character varying,NO,
inventory_vendorproductref,4,last_unit_cost,numeric,YES,
inventory_vendorproductref,5,times_seen,integer,NO,
inventory_vendorproductref,6,last_seen_date,date,NO,
inventory_vendorproductref,7,created_at,timestamp with time zone,NO,
inventory_vendorproductref,8,updated_at,timestamp with time zone,NO,
inventory_vendorproductref,9,product_id,bigint,NO,
inventory_vendorproductref,10,vendor_id,bigint,NO,
pos_banktransaction,1,id,bigint,NO,
pos_banktransaction,2,transaction_type,character varying,NO,
pos_banktransaction,3,amount,jsonb,NO,
pos_banktransaction,4,total,numeric,NO,
pos_banktransaction,5,status,character varying,NO,
pos_banktransaction,6,created_at,timestamp with time zone,NO,
pos_banktransaction,7,completed_at,timestamp with time zone,YES,
pos_banktransaction,8,notes,text,NO,
pos_banktransaction,9,location_id,bigint,NO,
pos_banktransaction,10,performed_by_id,bigint,NO,
pos_cart,1,id,bigint,NO,
pos_cart,2,status,character varying,NO,
pos_cart,3,subtotal,numeric,NO,
pos_cart,4,tax_rate,numeric,NO,
pos_cart,5,tax_amount,numeric,NO,
pos_cart,6,total,numeric,NO,
pos_cart,7,payment_method,character varying,NO,
pos_cart,8,cash_tendered,numeric,YES,
pos_cart,9,change_given,numeric,YES,
pos_cart,10,card_amount,numeric,YES,
pos_cart,11,completed_at,timestamp with time zone,YES,
pos_cart,12,created_at,timestamp with time zone,NO,
pos_cart,13,cashier_id,bigint,NO,
pos_cart,14,customer_id,bigint,YES,
pos_cart,15,drawer_id,bigint,NO,
pos_cartline,1,id,bigint,NO,
pos_cartline,2,description,character varying,NO,
pos_cartline,3,quantity,integer,NO,
pos_cartline,4,unit_price,numeric,NO,
pos_cartline,5,line_total,numeric,NO,
pos_cartline,6,created_at,timestamp with time zone,NO,
pos_cartline,7,cart_id,bigint,NO,
pos_cartline,8,item_id,bigint,YES,
pos_cartline,9,resale_source_sku,character varying,NO,
pos_cartline,10,resale_source_item_id,integer,YES,
pos_cashdrop,1,id,bigint,NO,
pos_cashdrop,2,amount,jsonb,NO,
pos_cashdrop,3,total,numeric,NO,
pos_cashdrop,4,dropped_at,timestamp with time zone,NO,
pos_cashdrop,5,notes,text,NO,
pos_cashdrop,6,dropped_by_id,bigint,NO,
pos_cashdrop,7,drawer_id,bigint,NO,
pos_drawer,1,id,bigint,NO,
pos_drawer,2,date,date,NO,
pos_drawer,3,status,character varying,NO,
pos_drawer,4,opened_at,timestamp with time zone,NO,
pos_drawer,5,opening_count,jsonb,NO,
pos_drawer,6,opening_total,numeric,NO,
pos_drawer,7,closed_at,timestamp with time zone,YES,
pos_drawer,8,closing_count,jsonb,YES,
pos_drawer,9,closing_total,numeric,YES,
pos_drawer,10,cash_sales_total,numeric,NO,
pos_drawer,11,expected_cash,numeric,YES,
pos_drawer,12,variance,numeric,YES,
pos_drawer,13,closed_by_id,bigint,YES,
pos_drawer,14,current_cashier_id,bigint,NO,
pos_drawer,15,opened_by_id,bigint,NO,
pos_drawer,16,register_id,bigint,NO,
pos_drawerhandoff,1,id,bigint,NO,
pos_drawerhandoff,2,counted_at,timestamp with time zone,NO,
pos_drawerhandoff,3,count,jsonb,NO,
pos_drawerhandoff,4,counted_total,numeric,NO,
pos_drawerhandoff,5,expected_total,numeric,NO,
pos_drawerhandoff,6,variance,numeric,NO,
pos_drawerhandoff,7,notes,text,NO,
pos_drawerhandoff,8,drawer_id,bigint,NO,
pos_drawerhandoff,9,incoming_cashier_id,bigint,NO,
pos_drawerhandoff,10,outgoing_cashier_id,bigint,NO,
pos_historicaltransaction,1,id,bigint,NO,
pos_historicaltransaction,2,source_db,character varying,NO,
pos_historicaltransaction,3,legacy_cart_id,character varying,NO,
pos_historicaltransaction,4,sale_date,date,NO,
pos_historicaltransaction,5,subtotal,numeric,NO,
pos_historicaltransaction,6,tax_amount,numeric,NO,
pos_historicaltransaction,7,total,numeric,NO,
pos_historicaltransaction,8,item_count,integer,NO,
pos_historicaltransaction,9,payment_method,character varying,NO,
pos_receipt,1,id,bigint,NO,
pos_receipt,2,receipt_number,character varying,NO,
pos_receipt,3,printed,boolean,NO,
pos_receipt,4,emailed,boolean,NO,
pos_receipt,5,created_at,timestamp with time zone,NO,
pos_receipt,6,cart_id,bigint,NO,
pos_register,1,id,bigint,NO,
pos_register,2,name,character varying,NO,
pos_register,3,code,character varying,NO,
pos_register,4,starting_cash,numeric,NO,
pos_register,5,starting_breakdown,jsonb,NO,
pos_register,6,is_active,boolean,NO,
pos_register,7,location_id,bigint,NO,
pos_revenuegoal,1,id,bigint,NO,
pos_revenuegoal,2,date,date,NO,
pos_revenuegoal,3,goal_amount,numeric,NO,
pos_revenuegoal,4,location_id,bigint,NO,
pos_supplementaldrawer,1,id,bigint,NO,
pos_supplementaldrawer,2,current_balance,jsonb,NO,
pos_supplementaldrawer,3,current_total,numeric,NO,
pos_supplementaldrawer,4,last_counted_at,timestamp with time zone,YES,
pos_supplementaldrawer,5,last_counted_by_id,bigint,YES,
pos_supplementaldrawer,6,location_id,bigint,NO,
pos_supplementaltransaction,1,id,bigint,NO,
pos_supplementaltransaction,2,transaction_type,character varying,NO,
pos_supplementaltransaction,3,amount,jsonb,NO,
pos_supplementaltransaction,4,total,numeric,NO,
pos_supplementaltransaction,5,performed_at,timestamp with time zone,NO,
pos_supplementaltransaction,6,notes,text,NO,
pos_supplementaltransaction,7,performed_by_id,bigint,NO,
pos_supplementaltransaction,8,related_drawer_id,bigint,YES,
pos_supplementaltransaction,9,supplemental_id,bigint,NO,
token_blacklist_blacklistedtoken,1,id,bigint,NO,
token_blacklist_blacklistedtoken,2,blacklisted_at,timestamp with time zone,NO,
token_blacklist_blacklistedtoken,3,token_id,bigint,NO,
token_blacklist_outstandingtoken,1,id,bigint,NO,
token_blacklist_outstandingtoken,2,token,text,NO,
token_blacklist_outstandingtoken,3,created_at,timestamp with time zone,YES,
token_blacklist_outstandingtoken,4,expires_at,timestamp with time zone,NO,
token_blacklist_outstandingtoken,5,user_id,bigint,YES,
token_blacklist_outstandingtoken,6,jti,character varying,NO,
