alias,brand,is_junk,source
3 d pro blends,3 D Pro Blends,0,R-023 cluster
3d pro blends,3 D Pro Blends,0,R-023 cluster
3drose,3Drose,0,R-023 cluster
3m company,3M Company,0,R-023 cluster
4d build,4D Build,0,R-023 cluster
4moms,4Moms,0,R-023 cluster
a d,A+D,0,R-023 cluster
a new day,A New Day,0,R-023 cluster
a premium,A-premium,0,R-023 cluster
a11n sports,A11N SPORTS,0,R-023 cluster
abeo,Abeo,0,R-023 cluster
ablewipe,ABLEWIPE,0,R-023 cluster
aboofan,Aboofan,0,R-023 cluster
ace,ACE,0,R-023 cluster
achim,Achim,0,R-023 cluster
act,Act,0,R-023 cluster
acurite,Acurite,0,R-023 cluster
ad,A+D,0,R-023 cluster
ad tech,Adtech,0,R-023 cluster
ada,ADA,0,R-023 cluster
adada,Adada,0,R-023 cluster
adidas,Adidas,0,R-023 cluster
adidas mls,Adidas Mls,0,R-023 cluster
adopt me,Adopt Me,0,R-023 cluster
adtech,Adtech,0,R-023 cluster
aeronote,AeroNote,0,R-023 cluster
aidea,Aidea,0,R-023 cluster
aike,Aike,0,R-023 cluster
air wick,Air Wick,0,R-023 cluster
airhead,Airhead,0,R-023 cluster
airplus,Airplus,0,R-023 cluster
airwick,Air Wick,0,R-023 cluster
ak trading co,AK Trading Co.,0,R-023 cluster
akro mils,Akromils,0,R-023 cluster
akromils,Akromils,0,R-023 cluster
alaza,ALAZA,0,R-023 cluster
all,All,0,R-023 cluster
all clad,All-Clad,0,R-023 cluster
all i n motion,All In Motion,0,R-023 cluster
all in motion,All In Motion,0,R-023 cluster
all in one,All-in-One,0,R-023 cluster
all modern,Allmodern,0,R-023 cluster
allclad,All-Clad,0,R-023 cluster
allerease,Allerease,0,R-023 cluster
allinone,All-in-One,0,R-023 cluster
alljoy,Alljoy,0,R-023 cluster
allmodern,Allmodern,0,R-023 cluster
allure,Allure,0,R-023 cluster
amazerbath,Amazerbath,0,R-023 cluster
amazon basics,Amazon Basics,0,R-023 cluster
american,American,0,R-023 cluster
american crew,American Crew,0,R-023 cluster
amigo,AMIGO,0,R-023 cluster
aminco,Aminco,0,R-023 cluster
amlactin,AmLactin,0,R-023 cluster
amoami,AMOAMI,0,R-023 cluster
amorarc,Amorarc,0,R-023 cluster
amt,AMT,0,R-023 cluster
and1,AND1,0,R-023 cluster
anime heroes,Anime Heroes,0,R-023 cluster
anker,Anker,0,R-023 cluster
anna klein,Anna klein,0,R-023 cluster
anterk,ANTERK,0,R-023 cluster
aooda,AOODA,0,R-023 cluster
aosky,Aosky,0,R-023 cluster
aoub,aoub,0,R-023 cluster
apexup,APEXUP,0,R-023 cluster
api,Api,0,R-023 cluster
apollo health and beauty,Apollo Health and Beauty,0,R-023 cluster
aqua leisure,Aqua Leisure,0,R-023 cluster
aquaclear,Aquaclear,0,R-023 cluster
aquadance,AquaDance,0,R-023 cluster
aquarius,Aquarius,0,R-023 cluster
aqx,AQX,0,R-023 cluster
architectural mailboxes,Architectural Mailboxes,0,R-023 cluster
arden,ARDEN,0,R-023 cluster
arena,ARENA,0,R-023 cluster
arlmont and co,Arlmont & Co,0,R-023 cluster
arm and hammer,Arm & Hammer,0,R-023 cluster
aroma,Aroma,0,R-023 cluster
arrma,Arrma,0,R-023 cluster
art3d,Art3d,0,R-023 cluster
artbin,ArtBin,0,R-023 cluster
artcreativity,ArtCreativity,0,R-023 cluster
artibetter,Artibetter,0,R-023 cluster
artika,Artika,0,R-023 cluster
arucmin,Arucmin,0,R-023 cluster
arvok,ARVOK,0,R-023 cluster
as seen on tv,As Seen on TV,0,R-023 cluster
aso,ASO,0,R-023 cluster
aspca,Aspca,0,R-023 cluster
assorted,,1,placeholder
astroai,Astroai,0,R-023 cluster
asus,Asus,0,R-023 cluster
at a glance,At-A-Glance,0,R-023 cluster
atepa,ATEPA,0,R-023 cluster
attitude,ATTITUDE,0,R-023 cluster
attwood,Attwood,0,R-023 cluster
audio technica,Audio-Technica,0,R-023 cluster
audiotechnica,Audio-Technica,0,R-023 cluster
aupet,AUPET,0,R-023 cluster
auq,AUQ,0,R-023 cluster
aurora,Aurora,0,R-023 cluster
auto drive,Auto Drive,0,R-023 cluster
autodrive,Auto Drive,0,R-023 cluster
autotrac,Autotrac,0,R-023 cluster
avanti,Avanti,0,R-023 cluster
avent,Avent,0,R-023 cluster
axe,Axe,0,R-023 cluster
azeus,Azeus,0,R-023 cluster
b air,B-Air,0,R-023 cluster
b toys,B. toys,0,R-023 cluster
babeyond,Babeyond,0,R-023 cluster
baby born,Baby Born,0,R-023 cluster
babyganics,BabyGanics,0,R-023 cluster
babygoal,Babygoal,0,R-023 cluster
babyliss pro,BaBylissPRO,0,R-023 cluster
babylisspro,BaBylissPRO,0,R-023 cluster
back to the roots,Back To The Roots,0,R-023 cluster
bactrack,BACtrack,0,R-023 cluster
baebae goods,Baebae Goods,0,R-023 cluster
bagail,BAGAIL,0,R-023 cluster
bagsmart,Bagsmart,0,R-023 cluster
bair,B-Air,0,R-023 cluster
balancefrom,BalanceFrom,0,R-023 cluster
baleine,Baleine,0,R-023 cluster
balsacircle,BalsaCircle,0,R-023 cluster
ban,Ban,0,R-023 cluster
band aid,Band-Aid,0,R-023 cluster
bandai,Bandai,0,R-023 cluster
bandai spirits,Bandai Spirits,0,R-023 cluster
bandaid,Band-Aid,0,R-023 cluster
banzai,BANZAI,0,R-023 cluster
bape,Bape,0,R-023 cluster
barcharts inc,Barcharts Inc,0,R-023 cluster
bark,BARK,0,R-023 cluster
bbto,Bbto,0,R-023 cluster
bczhqq,Bczhqq,0,R-023 cluster
bddc,Bddc,0,R-023 cluster
be loved,Beloved,0,R-023 cluster
bear mountain,Bear mountain,0,R-023 cluster
beast,Beast,0,R-023 cluster
beat boost,BeatBoost,0,R-023 cluster
beatboost,BeatBoost,0,R-023 cluster
beautiful by drew barrymore,Beautiful by Drew Barrymore,0,R-023 cluster
beautypeak,Beautypeak,0,R-023 cluster
becki owens x surya,Becki Owens X Surya,0,R-023 cluster
bedelite,Bedelite,0,R-023 cluster
bedlore,Bedlore,0,R-023 cluster
bell,Bell,0,R-023 cluster
bell and howell,Bell and Howell,0,R-023 cluster
bella,Bella,0,R-023 cluster
bella housewares,bella Housewares,0,R-023 cluster
beloved,Beloved,0,R-023 cluster
bemis,BEMIS,0,R-023 cluster
benecreat,BENECREAT,0,R-023 cluster
bentgo,Bentgo,0,R-023 cluster
bentism,Bentism,0,R-023 cluster
bep,BEP,0,R-023 cluster
bepuzzled,Bepuzzled,0,R-023 cluster
bessey,Bessey,0,R-023 cluster
best party ever,Best Party Ever,0,R-023 cluster
best way,Bestway,0,R-023 cluster
bestsweetie,BESTSWEETIE,0,R-023 cluster
bestway,Bestway,0,R-023 cluster
better homes and garden,Better Homes & Gardens,0,R-023 cluster
better homes and gardens,Better Homes & Gardens,0,R-023 cluster
bey blade,Beyblade,0,R-023 cluster
beyblade,Beyblade,0,R-023 cluster
bgment,Bgment,0,R-023 cluster
bhg,Bhg,0,R-023 cluster
bic,Bic,0,R-023 cluster
big dot of happiness,Big Dot of Happiness,0,R-023 cluster
big time muscle,Bigtime Muscle,0,R-023 cluster
bigmouth inc,BigMouth Inc,0,R-023 cluster
bigtime muscle,Bigtime Muscle,0,R-023 cluster
bio bidet,BIO BIDET,0,R-023 cluster
bio ionic,BIO IONIC,0,R-023 cluster
bio oil,Bio-Oil,0,R-023 cluster
bioadvanced,BioAdvanced,0,R-023 cluster
biooil,Bio-Oil,0,R-023 cluster
biorb,Biorb,0,R-023 cluster
biosilk,BioSilk,0,R-023 cluster
birdrock,Birdrock,0,R-023 cluster
bissell,Bissell,0,R-023 cluster
bitzee,Bitzee,0,R-023 cluster
biz,BIZ,0,R-023 cluster
bjpkpk,Bjpkpk,0,R-023 cluster
black and decker,Black and Decker,0,R-023 cluster
black decker,Black+Decker,0,R-023 cluster
blackdecker,Black+Decker,0,R-023 cluster
blackstone,Blackstone,0,R-023 cluster
blenderbottle,BlenderBottle,0,R-023 cluster
blendjet,BlendJet,0,R-023 cluster
bleum cade,BLEUM CADE,0,R-023 cluster
bluescape,Bluescape,0,R-023 cluster
bluesnail,BlueSnail,0,R-023 cluster
bluestars,BlueStars,0,R-023 cluster
bme,Bme,0,R-023 cluster
bmg,BMG,0,R-023 cluster
bmg rights management,Bmg Rights Management,0,R-023 cluster
bn link,BN-Link,0,R-023 cluster
bnx,BNX,0,R-023 cluster
body glide,BodyGlide,0,R-023 cluster
bodyglide,BodyGlide,0,R-023 cluster
bodysolid,Bodysolid,0,R-023 cluster
bonaok,Bonaok,0,R-023 cluster
bonsaii,bonsaii,0,R-023 cluster
bonzer,Bonzer,0,R-023 cluster
boomerang tool company,Boomerang Tool Company,0,R-023 cluster
boots and barkley,Boots & Barkley,0,R-023 cluster
bop it,Bop It,0,R-023 cluster
boritar,Boritar,0,R-023 cluster
bosch,Bosch,0,R-023 cluster
boss,BOSS,0,R-023 cluster
bostitch,Bostitch,0,R-023 cluster
box usa,BOX USA,0,R-023 cluster
brentwood originals,Brentwood Originals,0,R-023 cluster
brightside,BrightSide,0,R-023 cluster
brio,Brio,0,R-023 cluster
brk,Brk,0,R-023 cluster
broadstreet publishing,Broadstreet Publishing,0,R-023 cluster
brumate,BRUMATE,0,R-023 cluster
bsicpro,Bsicpro,0,R-023 cluster
bttn,Bttn,0,R-023 cluster
bubba,Bubba,0,R-023 cluster
bugmd,BugMD,0,R-023 cluster
bullseye s playground,Bullseye's Playground,0,R-023 cluster
bumbumz,BumBumz,0,R-023 cluster
bunn,Bunn,0,R-023 cluster
burt s bees,Burt's Bees,0,R-023 cluster
burt s bees baby,Burt's Bees Baby,0,R-023 cluster
burt s bees for pets,Burt'S Bees For Pets,0,R-023 cluster
burts bees,Burt's Bees,0,R-023 cluster
burudani,BURUDANI,0,R-023 cluster
butter london,butter LONDON,0,R-023 cluster
bv,Bv,0,R-023 cluster
byoma,Byoma,0,R-023 cluster
calitime,CaliTime,0,R-023 cluster
cambivo,Cambivo,0,R-023 cluster
camelbak,CamelBak,0,R-023 cluster
camtop,Camtop,0,R-023 cluster
cando,Cando,0,R-023 cluster
cap barbell,Cap Barbell,0,R-023 cluster
capitol music group,Capitol Music Group,0,R-023 cluster
carer healthcare,CARER Healthcare,0,R-023 cluster
cargosmart,CargoSmart,0,R-023 cluster
carlisle foodservice products,Carlisle Foodservice Products,0,R-023 cluster
carol s daughter,Carol's Daughter,0,R-023 cluster
carter s just one you,Carter's Just One You,0,R-023 cluster
case it,Case-it,0,R-023 cluster
case mate,Casemate,0,R-023 cluster
casemate,Casemate,0,R-023 cluster
cat,CAT,0,R-023 cluster
cat and jack,Cat & Jack,0,R-023 cluster
cat napper,Cat Napper,0,R-023 cluster
cat s pride,Cat's Pride,0,R-023 cluster
catan,Catan,0,R-023 cluster
catholic book publishing corp,CATHOLIC BOOK PUBLISHING CORP.,0,R-023 cluster
catnapper,Cat Napper,0,R-023 cluster
cats pride,Cat's Pride,0,R-023 cluster
cattoysofficial,Cattoysofficial,0,R-023 cluster
celebrate,Celebrate,0,R-023 cluster
centoco,CENTOCO,0,R-023 cluster
cerave,CeraVe,0,R-023 cluster
cgk unlimited,Cgk Unlimited,0,R-023 cluster
chamberlain,CHAMBERLAIN,0,R-023 cluster
champro,CHAMPRO,0,R-023 cluster
channellock,Channellock,0,R-023 cluster
chapin,Chapin,0,R-023 cluster
char broil,Char-Broil,0,R-023 cluster
char griller,Char-Griller,0,R-023 cluster
charbroil,Char-Broil,0,R-023 cluster
charcharms,CharCharms,0,R-023 cluster
chef iq,Chef iQ,0,R-023 cluster
chef n,Chef'N,0,R-023 cluster
chef s choice,Chef's Choice,0,R-023 cluster
chef schoice,Chef's Choice,0,R-023 cluster
chengu,Chengu,0,R-023 cluster
chi,CHI,0,R-023 cluster
chicago,Chicago,0,R-023 cluster
chicka d,Chicka-d,0,R-023 cluster
chickad,Chicka-d,0,R-023 cluster
chris loves julia x loloi,Chris Loves Julia x Loloi,0,R-023 cluster
chun yi,Chun Yi,0,R-023 cluster
circleshome,CirclesHome,0,R-023 cluster
cjl hair,Cjl Hair,0,R-023 cluster
clevermade,Clevermade,0,R-023 cluster
clorox,Clorox,0,R-023 cluster
closetmaid,ClosetMaid,0,R-023 cluster
clr,CLR,0,R-023 cluster
club libby lu,Club Libby Lu,0,R-023 cluster
cmt,Cmt,0,R-023 cluster
coast,Coast,0,R-023 cluster
cocomelon,Cocomelon,0,R-023 cluster
coghlan s,Coghlan's,0,R-023 cluster
cole and rye,Cole & Rye,0,R-023 cluster
collecta,Collecta,0,R-023 cluster
color wow,COLOR WOW,0,R-023 cluster
colourpop,Colourpop,0,R-023 cluster
columbia,Columbia,0,R-023 cluster
comfort zone,Comfort Zone,0,R-023 cluster
comsaf,ComSaf,0,R-023 cluster
con tact,Con-Tact,0,R-023 cluster
conopco inc dba unilever,Conopco Inc DBA Unilever,0,R-023 cluster
contact,Con-Tact,0,R-023 cluster
cook with color,Cook With Color,0,R-023 cluster
coolshields,Coolshields,0,R-023 cluster
core home,Core Home,0,R-023 cluster
corehome,Core Home,0,R-023 cluster
cosco,Cosco,0,R-023 cluster
coslus,COSLUS,0,R-023 cluster
cosori,Cosori,0,R-023 cluster
covergirl,Covergirl,0,R-023 cluster
coveron,Coveron,0,R-023 cluster
cozylux,Cozylux,0,R-023 cluster
cq acrylic,Cq Acrylic,0,R-023 cluster
cra z art,Cra-Z-Art,0,R-023 cluster
cra z slimy,Crazslimy,0,R-023 cluster
craft tastic,Crafttastic,0,R-023 cluster
craftsman,Craftsman,0,R-023 cluster
crafttastic,Crafttastic,0,R-023 cluster
crayola,Crayola,0,R-023 cluster
crazart,Cra-Z-Art,0,R-023 cluster
crazslimy,Crazslimy,0,R-023 cluster
creative co op,Creative Coop,0,R-023 cluster
creative coop,Creative Coop,0,R-023 cluster
creativity for kids,Creativity For Kids,0,R-023 cluster
cressi,Cressi,0,R-023 cluster
croblissful,CroBlissful,0,R-023 cluster
crock pot,Crockpot,0,R-023 cluster
crockpot,Crockpot,0,R-023 cluster
cryo max,Cryo-Max,0,R-023 cluster
cryomax,Cryo-Max,0,R-023 cluster
cubesland,Cubesland,0,R-023 cluster
cucraf,Cucraf,0,R-023 cluster
cupshe,Cupshe,0,R-023 cluster
curlsmith,CURLSMITH,0,R-023 cluster
curt,Curt,0,R-023 cluster
cusuyu,cusuyu,0,R-023 cluster
cutco,Cutco,0,R-023 cluster
cute stone,CUTE STONE,0,R-023 cluster
cyberpower,CyberPower,0,R-023 cluster
dalix,Dalix,0,R-023 cluster
damprid,DampRid,0,R-023 cluster
dan and darci,Dan & Darci,0,R-023 cluster
danya b,Danya B.,0,R-023 cluster
dap,Dap,0,R-023 cluster
dash,Dash,0,R-023 cluster
dataproducts,Dataproducts,0,R-023 cluster
days of wonder,Days of Wonder,0,R-023 cluster
db electrical,Db Electrical,0,R-023 cluster
dbiw,DBIW,0,R-023 cluster
dc comics,DC Comics,0,R-023 cluster
de longhi,DeLonghi,0,R-023 cluster
deal worthy,Dealworthy,0,R-023 cluster
dealworthy,Dealworthy,0,R-023 cluster
decmode,Decmode,0,R-023 cluster
decopac,DecoPac,0,R-023 cluster
decora girlz,Decora Girlz,0,R-023 cluster
deer valley,DeerValley,0,R-023 cluster
deervalley,DeerValley,0,R-023 cluster
deflect o,Deflect-o,0,R-023 cluster
delamu,DELAMU,0,R-023 cluster
delonghi,DeLonghi,0,R-023 cluster
delta,Delta,0,R-023 cluster
dentek,DenTek,0,R-023 cluster
design art,Design Art,0,R-023 cluster
designart,Design Art,0,R-023 cluster
devseries,Devseries,0,R-023 cluster
dewalt,DEWALT,0,R-023 cluster
dewenwils,Dewenwils,0,R-023 cluster
dgxinjun,DGXINJUN,0,R-023 cluster
dhp,Dhp,0,R-023 cluster
dii,Dii,0,R-023 cluster
dilatata,Dilatata,0,R-023 cluster
discovery mindblown,Discovery #Mindblown,0,R-023 cluster
disney,Disney,0,R-023 cluster
disney disney princess,Disney Princess,0,R-023 cluster
disney ily 4ever,Disney Ily 4Ever,0,R-023 cluster
disney princess,Disney Princess,0,R-023 cluster
dn deconation,DN DECONATION,0,R-023 cluster
do or drink,Do or Drink,0,R-023 cluster
dolce and gabbana,Dolce & Gabbana,0,R-023 cluster
domiso,DOMISO,0,R-023 cluster
donjoy,DonJoy,0,R-023 cluster
doublefill,Doublefill,0,R-023 cluster
dove men care,Dove Mencare,0,R-023 cluster
dove mencare,Dove Mencare,0,R-023 cluster
dowan,Dowan,0,R-023 cluster
down east,Down east,0,R-023 cluster
downeast,Down east,0,R-023 cluster
dr brown s,Dr. Brown's,0,R-023 cluster
dr browns,Dr. Brown's,0,R-023 cluster
dr elsey s,Dr. Elsey's,0,R-023 cluster
dr elseys,Dr. Elsey's,0,R-023 cluster
dr jart,Dr Jart+,0,R-023 cluster
dr scholl s,Dr. Scholl's,0,R-023 cluster
dr scholls,Dr. Scholl's,0,R-023 cluster
dr seuss,Dr. Seuss,0,R-023 cluster
dr squatch,Dr. Squatch,0,R-023 cluster
dr teal s,Dr Teal's,0,R-023 cluster
dr teals,Dr Teal's,0,R-023 cluster
dr tim s aquatics,Dr.Tim's Aquatics,0,R-023 cluster
dragon touch,Dragontouch,0,R-023 cluster
dragontouch,Dragontouch,0,R-023 cluster
dream on me,Dream On Me,0,R-023 cluster
dream pairs,Dream Pairs,0,R-023 cluster
dreamworks,Dreamworks,0,R-023 cluster
dreamworks gabby s dollhouse,Dreamworks Gabby's Dollhouse,0,R-023 cluster
dreamworks trolls,Dreamworks Trolls,0,R-023 cluster
dreo,Dreo,0,R-023 cluster
driven by battat,Driven By Battat,0,R-023 cluster
drtim s aquatics,Dr.Tim's Aquatics,0,R-023 cluster
drwate,Drwate,0,R-023 cluster
dss games,DSS Games,0,R-023 cluster
dtig,Dtig,0,R-023 cluster
dunlop,DUNLOP,0,R-023 cluster
duo,DUO,0,R-023 cluster
duracell distributing inc,Duracell Distributing Inc,0,R-023 cluster
duratech,DURATECH,0,R-023 cluster
dvf for target,DVF For Target,0,R-023 cluster
dylives,Dylives,0,R-023 cluster
dymo,Dymo,0,R-023 cluster
dyna glo,Dyna-Glo,0,R-023 cluster
dynaglo,Dyna-Glo,0,R-023 cluster
dynatrap,Dynatrap,0,R-023 cluster
e l f,E.L.F.,0,R-023 cluster
ear band it,Ear Band-It,0,R-023 cluster
ear bandit,Ear Band-It,0,R-023 cluster
earthall,EARTHALL,0,R-023 cluster
east oak,EAST OAK,0,R-023 cluster
eastpoint sports,Eastpoint Sports,0,R-023 cluster
easy bake,Easy-Bake,0,R-023 cluster
easy off,Easy-Off,0,R-023 cluster
easybake,Easy-Bake,0,R-023 cluster
easyoff,Easy-Off,0,R-023 cluster
echo,ECHO,0,R-023 cluster
eco border,Eco Border,0,R-023 cluster
ecobark,Ecobark,0,R-023 cluster
ecoborder,Eco Border,0,R-023 cluster
ecogard,Ecogard,0,R-023 cluster
ecos,ECOS,0,R-023 cluster
ecotools,Ecotools,0,R-023 cluster
ecr4kids,ECR4Kids,0,R-023 cluster
eden direct,Eden Direct,0,R-023 cluster
edendirect,Eden Direct,0,R-023 cluster
edishine,Edishine,0,R-023 cluster
edx,EDX,0,R-023 cluster
eeboo,eeBoo,0,R-023 cluster
eglo,EgLO,0,R-023 cluster
ekids,Ekids,0,R-023 cluster
elf,E.L.F.,0,R-023 cluster
ello,Ello,0,R-023 cluster
elmer s,Elmer's,0,R-023 cluster
elmers,Elmer's,0,R-023 cluster
embark,Embark,0,R-023 cluster
emi,EMI,0,R-023 cluster
enviro log,Envirolog,0,R-023 cluster
envirolog,Envirolog,0,R-023 cluster
eo,EO,0,R-023 cluster
eos,Eos,0,R-023 cluster
epoch,Epoch,0,R-023 cluster
ergoav,ErgoAV,0,R-023 cluster
erommy,EROMMY,0,R-023 cluster
essence,Essence,0,R-023 cluster
essie,Essie,0,R-023 cluster
esw beauty,ESW Beauty,0,R-023 cluster
euhomy,Euhomy,0,R-023 cluster
eur,EUR,0,R-023 cluster
euroco,Euroco,0,R-023 cluster
eurographics,EuroGraphics,0,R-023 cluster
eva nyc,Eva Nyc,0,R-023 cluster
evenflo,Evenflo,0,R-023 cluster
evergrace home,Evergrace Home,0,R-023 cluster
evergracehome,Evergrace Home,0,R-023 cluster
everstart,EverStart,0,R-023 cluster
everydrop,Everydrop,0,R-023 cluster
everydrop by whirlpool,Everydrop By Whirlpool,0,R-023 cluster
evo evolution of indoor air quality,Evo Evolution Of Indoor Air Quality,0,R-023 cluster
evoloop,Evoloop,0,R-023 cluster
evoshield,EvoShield,0,R-023 cluster
exclusive home,Exclusive Home,0,R-023 cluster
expo,Expo,0,R-023 cluster
ez flo,Ezflo,0,R-023 cluster
ezflo,Ezflo,0,R-023 cluster
ezy dose,EZY DOSE,0,R-023 cluster
faber castell,Fabercastell,0,R-023 cluster
fabercastell,Fabercastell,0,R-023 cluster
fancylucky,FANCYLUCKY,0,R-023 cluster
fanmats,Fanmats,0,R-023 cluster
fao schwarz,FAO Schwarz,0,R-023 cluster
fdw,Fdw,0,R-023 cluster
feit electric company,FEIT ELECTRIC COMPANY,0,R-023 cluster
fgx,FGX,0,R-023 cluster
fgx international inc,FGX International Inc,0,R-023 cluster
fhi heat,Fhi Heat,0,R-023 cluster
fiewesey,FIEWESEY,0,R-023 cluster
fifty fifty,Fifty Fifty,0,R-023 cluster
filltouch,FILLTOUCH,0,R-023 cluster
fine ry,Fine'Ry.,0,R-023 cluster
finish,Finish,0,R-023 cluster
fintie,FINTIE,0,R-023 cluster
firefly,Firefly,0,R-023 cluster
firm grip,Firm Grip,0,R-023 cluster
fisher price,Fisher-Price,0,R-023 cluster
fisherprice,Fisher-Price,0,R-023 cluster
fit right,FitRight,0,R-023 cluster
fitright,FitRight,0,R-023 cluster
fitrx,FitRx,0,R-023 cluster
fitvids,Fitvids,0,R-023 cluster
five star,Five Star,0,R-023 cluster
flexi,Flexi,0,R-023 cluster
floor pops,FloorPops,0,R-023 cluster
floorpops,FloorPops,0,R-023 cluster
fluker s,Fluker'S,0,R-023 cluster
fmfunctex,FMFUNCTEX,0,R-023 cluster
foco,FOCO,0,R-023 cluster
foodsaver,FoodSaver,0,R-023 cluster
footjoy,FootJoy,0,R-023 cluster
foundry candle co,Foundry Candle Co.,0,R-023 cluster
fox,Fox,0,R-023 cluster
frabill,Frabill,0,R-023 cluster
fram,Fram,0,R-023 cluster
frcolor,FRCOLOR,0,R-023 cluster
frogg toggs,FROGG TOGGS,0,R-023 cluster
frost king,Frost King,0,R-023 cluster
frostking,Frost King,0,R-023 cluster
fruit of the loom,Fruit of the Loom,0,R-023 cluster
fuangui,FUANGUI,0,R-023 cluster
fuel,Fuel,0,R-023 cluster
fuhsy,Fuhsy,0,R-023 cluster
fullsoft,FULLSOFT,0,R-023 cluster
fun forge,Fun Forge,0,R-023 cluster
funboy,FUNBOY,0,R-023 cluster
function of beauty,Function Of Beauty,0,R-023 cluster
funforge,Fun Forge,0,R-023 cluster
fungi nail,Fungi-Nail,0,R-023 cluster
funjuly,FUNJULY,0,R-023 cluster
funko pop,Funko POP!,0,R-023 cluster
furminator,Furminator,0,R-023 cluster
furreal,Furreal,0,R-023 cluster
furreal friends,Furreal Friends,0,R-023 cluster
fygrip,Fygrip,0,R-023 cluster
g i joe,G.I. Joe,0,R-023 cluster
gabby s dollhouse,Gabby's Dollhouse,0,R-023 cluster
gabby s dollhouse dreamworks,Gabby's Dollhouse Dreamworks,0,R-023 cluster
gabbys dollhouse,Gabby's Dollhouse,0,R-023 cluster
gainkee,GainKee,0,R-023 cluster
gamewright,Gamewright,0,R-023 cluster
gaomon,GAOMON,0,R-023 cluster
garten of banban,Garten of Banban,0,R-023 cluster
garveehome,GarveeHome,0,R-023 cluster
gas one,Gas One,0,R-023 cluster
gasone,Gas One,0,R-023 cluster
gb,GB,0,R-023 cluster
gbhome,Gbhome,0,R-023 cluster
gci outdoor,GCI Outdoor,0,R-023 cluster
gdf studio,Gdf Studio,0,R-023 cluster
gdfstudio,Gdf Studio,0,R-023 cluster
ge,GE,0,R-023 cluster
ge household lighting,GE Household Lighting,0,R-023 cluster
gear aid,GEAR AID,0,R-023 cluster
gearwrench,GEARWRENCH,0,R-023 cluster
gee s bend x target,Gee'S Bend X Target,0,R-023 cluster
geebobo,Geebobo,0,R-023 cluster
generic,,1,placeholder
georgia pacific,Georgia-Pacific,0,R-023 cluster
georgiapacific,Georgia-Pacific,0,R-023 cluster
germ guardian,Germ Guardian,0,R-023 cluster
germ x,Germ-X,0,R-023 cluster
germguardian,Germ Guardian,0,R-023 cluster
germx,Germ-X,0,R-023 cluster
ghd,ghd,0,R-023 cluster
ghodec,GHODEC,0,R-023 cluster
gi joe,G.I. Joe,0,R-023 cluster
gianna,Gianna,0,R-023 cluster
giggle scape,Gigglescape,0,R-023 cluster
gigglescape,Gigglescape,0,R-023 cluster
gilden tree,Gilden Tree,0,R-023 cluster
giraffe tools,Giraffe Tools,0,R-023 cluster
gisgfim,Gisgfim,0,R-023 cluster
glacier fresh,Glacier Fresh,0,R-023 cluster
globreen,GLOBREEN,0,R-023 cluster
glofish,Glofish,0,R-023 cluster
glofx,GloFX,0,R-023 cluster
glory season,GLORY SEASON,0,R-023 cluster
goal zero,Goal zero,0,R-023 cluster
goalzero,Goal zero,0,R-023 cluster
godog,Godog,0,R-023 cluster
gofloats,GoFloats,0,R-023 cluster
gojo,Gojo,0,R-023 cluster
good cook,GoodCook,0,R-023 cluster
good fellow and co,Goodfellow & Co,0,R-023 cluster
goodcook,GoodCook,0,R-023 cluster
goodfellow and co,Goodfellow & Co,0,R-023 cluster
goodnites,Goodnites,0,R-023 cluster
goody,Goody,0,R-023 cluster
gopong,GoPong,0,R-023 cluster
gopro,Gopro,0,R-023 cluster
gorgecraft,Gorgecraft,0,R-023 cluster
gorilla,Gorilla,0,R-023 cluster
gorilla grip,Gorilla Grip,0,R-023 cluster
gosports,GoSports,0,R-023 cluster
gosports outdoors,GoSports Outdoors,0,R-023 cluster
got 2b,Got2B,0,R-023 cluster
got2b,Got2B,0,R-023 cluster
grace and stella,Grace and Stella,0,R-023 cluster
grand patio,Grand Patio,0,R-023 cluster
grande lash md,Grande Lash - MD,0,R-023 cluster
grandelash,GrandeLash,0,R-023 cluster
grandelash md,Grande Lash - MD,0,R-023 cluster
green lifestyle,Green Lifestyle,0,R-023 cluster
green pan,GreenPan,0,R-023 cluster
greenlife,GreenLife,0,R-023 cluster
greenmade,Greenmade,0,R-023 cluster
greenpan,GreenPan,0,R-023 cluster
greenworks,Greenworks,0,R-023 cluster
grt,Grt,0,R-023 cluster
gs,GS,0,R-023 cluster
guasslee,GuassLee,0,R-023 cluster
gum,Gum,0,R-023 cluster
gund,GUND,0,R-023 cluster
guru nanda,Guru Nanda,0,R-023 cluster
gurunanda,Guru Nanda,0,R-023 cluster
h b,HB,0,R-023 cluster
h versailtex,H.Versailtex,0,R-023 cluster
h2o go,H2OGO!,0,R-023 cluster
h2ogo,H2OGO!,0,R-023 cluster
hahzt,HAHZT,0,R-023 cluster
halloweencostumes com,Halloweencostumes.com,0,R-023 cluster
halo,Halo,0,R-023 cluster
hand2mind,hand2mind,0,R-023 cluster
handsetly,Handsetly,0,R-023 cluster
hansgrohe,hansgrohe,0,R-023 cluster
hario,Hario,0,R-023 cluster
harper collins,HarperCollins,0,R-023 cluster
harpercollins,HarperCollins,0,R-023 cluster
harris,Harris,0,R-023 cluster
hart,Hart,0,R-023 cluster
hasbro,Hasbro,0,R-023 cluster
hasense,Hasense,0,R-023 cluster
hatch,Hatch,0,R-023 cluster
hatisan,hatisan,0,R-023 cluster
haussy,HAUSSY,0,R-023 cluster
hb,HB,0,R-023 cluster
hbcyou,Hbcyou,0,R-023 cluster
hcpet,Hcpet,0,R-023 cluster
hdx,HDX,0,R-023 cluster
head,Head,0,R-023 cluster
healthsmart,HealthSmart,0,R-023 cluster
hearth and hand,Hearth & Hand,0,R-023 cluster
hearth and hand w magnolia,Hearth & Hand W/Magnolia,0,R-023 cluster
hearth and hand w magnolia furniture,Hearth & Hand W/Magnolia Furniture,0,R-023 cluster
hearth and hand with magnolia,Hearth & Hand with Magnolia,0,R-023 cluster
heeta,HEETA,0,R-023 cluster
hello,hello,0,R-023 cluster
henckels,Henckels,0,R-023 cluster
heroes of goo jit zu,Heroes Of Goo Jit Zu,0,R-023 cluster
hershey s,Hershey's,0,R-023 cluster
hex bots,Hex Bots,0,R-023 cluster
hexbug,Hexbug,0,R-023 cluster
hey play,Hey! Play!,0,R-023 cluster
heyday,Heyday,0,R-023 cluster
hic kitchen,Hic Kitchen,0,R-023 cluster
hicorfe,hicorfe,0,R-023 cluster
hill s science diet,Hill's Science Diet,0,R-023 cluster
hilton carter for target,Hilton Carter for Target,0,R-023 cluster
himaly,himaly,0,R-023 cluster
hioha,HioHa,0,R-023 cluster
hitnext,HITNEXT,0,R-023 cluster
hiviz,Hiviz,0,R-023 cluster
hobbyzone,Hobbyzone,0,R-023 cluster
holidayideas,Holidayideas,0,R-023 cluster
hombys,Hombys,0,R-023 cluster
home and body company,Home and Body Company,0,R-023 cluster
homedics,Homedics,0,R-023 cluster
homegardener,Homegardener,0,R-023 cluster
homeideas,Homeideas,0,R-023 cluster
homelabs,Homelabs,0,R-023 cluster
homepekite,Homepekite,0,R-023 cluster
homepop,Homepop,0,R-023 cluster
homes inside out,HOMES: Inside + Out,0,R-023 cluster
homestock,Homestock,0,R-023 cluster
homlyns,Homlyns,0,R-023 cluster
homore,HOMORE,0,R-023 cluster
hon,HON,0,R-023 cluster
honest baby,Honestbaby,0,R-023 cluster
honest company,Honest company,0,R-023 cluster
honestbaby,Honestbaby,0,R-023 cluster
honey bee acres,Honey bee acres,0,R-023 cluster
honey can do,Honeycando,0,R-023 cluster
honey care,Honey Care,0,R-023 cluster
honeycando,Honeycando,0,R-023 cluster
honeywell,Honeywell,0,R-023 cluster
hoperock,HopeRock,0,R-023 cluster
hoppe s,Hoppe's,0,R-023 cluster
horizon group usa,Horizon Group USA,0,R-023 cluster
horsemen s pride,Horsemen'S Pride,0,R-023 cluster
hot shot,Hot Shot,0,R-023 cluster
hot tools,Hot Tools,0,R-023 cluster
hot wheels,Hot Wheels,0,R-023 cluster
hothands,HotHands,0,R-023 cluster
hoto,Hoto,0,R-023 cluster
hotwheels,Hot Wheels,0,R-023 cluster
house day,HOUSE DAY,0,R-023 cluster
house of hampton,House of Hampton,0,R-023 cluster
household essentials,Household Essentials,0,R-023 cluster
hover 1,Hover-1,0,R-023 cluster
hover1,Hover-1,0,R-023 cluster
howaf,HOWAF,0,R-023 cluster
hp,HP,0,R-023 cluster
hp inc,HP Inc.,0,R-023 cluster
hp papers,HP Papers,0,R-023 cluster
hpd half price drapes,Hpd Half Price Drapes,0,R-023 cluster
hqrp,Hqrp,0,R-023 cluster
hseok,Hseok,0,R-023 cluster
huggies,Huggies,0,R-023 cluster
huhole,HUHOLE,0,R-023 cluster
hurrycane,Hurrycane,0,R-023 cluster
husky,Husky,0,R-023 cluster
hvh,Hvh,0,R-023 cluster
hyde and eek,Hyde and Eek,0,R-023 cluster
hyde and eek boutique,Hyde & Eek! Boutique,0,R-023 cluster
hydrapak,HydraPak,0,R-023 cluster
hydro flask,Hydro Flask,0,R-023 cluster
hydro force,Hydro Force,0,R-023 cluster
hydroflask,Hydro Flask,0,R-023 cluster
hydrojug,Hydrojug,0,R-023 cluster
hymokege,Hymokege,0,R-023 cluster
hyper chiller,Hyperchiller,0,R-023 cluster
hyper tough,Hyper Tough,0,R-023 cluster
hyperchiller,Hyperchiller,0,R-023 cluster
hypertough,Hyper Tough,0,R-023 cluster
hyperx,HyperX,0,R-023 cluster
i and love and you,I And Love And You,0,R-023 cluster
iams,Iams,0,R-023 cluster
icolor,icolor,0,R-023 cluster
icu eyewear,Icu Eyewear,0,R-023 cluster
ideal,IDEAL,0,R-023 cluster
ideavillage products corp,Ideavillage Products Corp,0,R-023 cluster
idesign,iDesign,0,R-023 cluster
idoo,Idoo,0,R-023 cluster
iello,IELLO,0,R-023 cluster
ifly,iFLY,0,R-023 cluster
ifrogz,iFrogz,0,R-023 cluster
ignite by spri,Ignite by SPRI,0,R-023 cluster
ihome,iHome,0,R-023 cluster
ijoy,iJoy,0,R-023 cluster
ilive,iLive,0,R-023 cluster
imcomor,imComor,0,R-023 cluster
impress,imPRESS,0,R-023 cluster
impress press on manicure,Impress Presson Manicure,0,R-023 cluster
impress presson manicure,Impress Presson Manicure,0,R-023 cluster
improvia,Improvia,0,R-023 cluster
imprsv,Imprsv,0,R-023 cluster
imusa,Imusa,0,R-023 cluster
infantino,Infantino,0,R-023 cluster
infinity x1 llc,Infinity X1 LLC,0,R-023 cluster
innisfree,Innisfree,0,R-023 cluster
inse,Inse,0,R-023 cluster
inspirit designs,Inspirit Designs,0,R-023 cluster
interscope,INTERSCOPE,0,R-023 cluster
inxugao,Inxugao,0,R-023 cluster
iohouze,Iohouze,0,R-023 cluster
ion audio,Ion Audio,0,R-023 cluster
ionchill,Ionchill,0,R-023 cluster
ionvac,Ionvac,0,R-023 cluster
iottie,iOttie,0,R-023 cluster
ipopu,iPOPU,0,R-023 cluster
ipower,Ipower,0,R-023 cluster
ir imperial rooms,IR Imperial Rooms,0,R-023 cluster
iris,Iris,0,R-023 cluster
iris usa,Iris USA,0,R-023 cluster
iris usa inc,Iris USA Inc,0,R-023 cluster
irobot,iRobot,0,R-023 cluster
iron flask,Iron Flask,0,R-023 cluster
irwin,Irwin,0,R-023 cluster
iseau,ISEAU,0,R-023 cluster
isi,Isi,0,R-023 cluster
ispring,iSpring,0,R-023 cluster
itouch,iTouch,0,R-023 cluster
itouchless,iTouchless,0,R-023 cluster
j b weld,J-B Weld,0,R-023 cluster
j fit,JFIT,0,R-023 cluster
jack and june,Jack and June,0,R-023 cluster
jada,Jada,0,R-023 cluster
jakks pacific,Jakks Pacific,0,R-023 cluster
jalancy,Jalancy,0,R-023 cluster
jam paper,JAM Paper,0,R-023 cluster
jane iredale,jane iredale,0,R-023 cluster
jansport,Jansport,0,R-023 cluster
jarthenaamcs,JarThenaAMCS,0,R-023 cluster
jay leno s garage,Jay Lenos Garage,0,R-023 cluster
jay lenos garage,Jay Lenos Garage,0,R-023 cluster
jb weld,J-B Weld,0,R-023 cluster
jbl,JBL,0,R-023 cluster
jc toys,JC Toys,0,R-023 cluster
jcblaon,Jcblaon,0,R-023 cluster
jeashchat,Jeashchat,0,R-023 cluster
jef world of golf,JEF World of Golf,0,R-023 cluster
jekiinova,jekiinova,0,R-023 cluster
jelly cat,Jellycat,0,R-023 cluster
jellycat,Jellycat,0,R-023 cluster
jfit,JFIT,0,R-023 cluster
jisulife,JISULIFE,0,R-023 cluster
jlab,Jlab,0,R-023 cluster
john derian for target,John Derian For Target,0,R-023 cluster
jointflex,JointFlex,0,R-023 cluster
jojo siwa,Jojo Siwa,0,R-023 cluster
jonathan y,Jonathan Y,0,R-023 cluster
joola,JOOLA,0,R-023 cluster
joyfy,Joyfy,0,R-023 cluster
joyjolt,JoyJolt,0,R-023 cluster
joylab,Joylab,0,R-023 cluster
joymoop,Joymoop,0,R-023 cluster
joyo roy,Joyo roy,0,R-023 cluster
junk brands,Junk Brands,0,R-023 cluster
jw,Jw,0,R-023 cluster
k y kangyun,K Y KANGYUN,0,R-023 cluster
kakiblin,Kakiblin,0,R-023 cluster
kalor,KALOR,0,R-023 cluster
kan jam,Kan Jam,0,R-023 cluster
kanjam,Kan Jam,0,R-023 cluster
kate and laurel,Kate and Laurel,0,R-023 cluster
kate spade new york x target,kate spade new york x Target,0,R-023 cluster
kb kaibo,Kb Kaibo,0,R-023 cluster
keqiaosuocai,Keqiaosuocai,0,R-023 cluster
keracolor,Keracolor,0,R-023 cluster
keto mojo,Ketomojo,0,R-023 cluster
ketomojo,Ketomojo,0,R-023 cluster
key bak,KEY-BAK,0,R-023 cluster
keybak,KEY-BAK,0,R-023 cluster
keystp,KEYSTP,0,R-023 cluster
kffkff,KFFKFF,0,R-023 cluster
kidde,Kidde,0,R-023 cluster
kidkraft,KidKraft,0,R-023 cluster
kids preferred,KIDS PREFERRED,0,R-023 cluster
king camp,KingCamp,0,R-023 cluster
king top,KINGTOP,0,R-023 cluster
kingcamp,KingCamp,0,R-023 cluster
kingtop,KINGTOP,0,R-023 cluster
kinmac,Kinmac,0,R-023 cluster
kiss,KISS,0,R-023 cluster
kitchenaid,KitchenAid,0,R-023 cluster
kitchensmith,KitchenSmith,0,R-023 cluster
kiwico,KiwiCo,0,R-023 cluster
klean strip,Klean Strip,0,R-023 cluster
kleanstrip,Klean Strip,0,R-023 cluster
klein tools,Klein Tools,0,R-023 cluster
klutz,Klutz,0,R-023 cluster
kohler,Kohler,0,R-023 cluster
kong,KONG,0,R-023 cluster
koufall,Koufall,0,R-023 cluster
kozyfly,Kozyfly,0,R-023 cluster
kreg,Kreg,0,R-023 cluster
ks,KS,0,R-023 cluster
kwikset,Kwikset,0,R-023 cluster
l ange hair,L'Ange Hair,0,R-023 cluster
l o l surprise,L.O.L. Surprise!,0,R-023 cluster
l occitane,L'Occitane,0,R-023 cluster
l or al paris,L'Or?al Paris,0,R-023 cluster
l oreal,L'Oreal,0,R-023 cluster
la roche posay,La Roche-Posay,0,R-023 cluster
la s totally awesome,LAs Totally Awesome,0,R-023 cluster
laiamer,LAIAMER,0,R-023 cluster
lamit,Lamit,0,R-023 cluster
lamu,LAMU,0,R-023 cluster
laneige,LANEIGE,0,R-023 cluster
langsprit,Langsprit,0,R-023 cluster
lankybox,LankyBox,0,R-023 cluster
lanney,LANNEY,0,R-023 cluster
las totally awesome,LAs Totally Awesome,0,R-023 cluster
late for the sky,Late For The Sky,0,R-023 cluster
lava,LAVA,0,R-023 cluster
lazblinds,LazBlinds,0,R-023 cluster
ldb building,Ldbbuilding,0,R-023 cluster
ldbbuilding,Ldbbuilding,0,R-023 cluster
le tauci,Le Tauci,0,R-023 cluster
leap frog,LeapFrog,0,R-023 cluster
leapfrog,LeapFrog,0,R-023 cluster
ledvance,LEDVANCE,0,R-023 cluster
lee s,Lee'S,0,R-023 cluster
legacy recordings,Legacy Recordings,0,R-023 cluster
lego,LEGO,0,R-023 cluster
levoit,Levoit,0,R-023 cluster
levy s,Levy's,0,R-023 cluster
lew s,Lew's,0,R-023 cluster
lexibook,Lexibook,0,R-023 cluster
lg,LG,0,R-023 cluster
lg electronics,LG Electronics,0,R-023 cluster
li l woodzeez,Li'L Woodzeez,0,R-023 cluster
lianjindun,lianjindun,0,R-023 cluster
licb,Licb,0,R-023 cluster
lifefactory,Lifefactory,0,R-023 cluster
lifemaster,Lifemaster,0,R-023 cluster
lifepro,Lifepro,0,R-023 cluster
lifestraw,LifeStraw,0,R-023 cluster
lifestride,LifeStride,0,R-023 cluster
liquid i v,Liquid IV,0,R-023 cluster
liquid iv,Liquid IV,0,R-023 cluster
lite brite,Lite Brite,0,R-023 cluster
litebrite,Lite Brite,0,R-023 cluster
little dove,Little Dove,0,R-023 cluster
little people collector,Little People Collector,0,R-023 cluster
littlepeople collector,Little People Collector,0,R-023 cluster
lmtodlfg,LMTODLFG,0,R-023 cluster
lochas,Lochas,0,R-023 cluster
lock and lock,Lock & Lock,0,R-023 cluster
loft by umbra,Loft By Umbra,0,R-023 cluster
lol surprise,L.O.L. Surprise!,0,R-023 cluster
lole,Lole,0,R-023 cluster
loloi ii,Loloi Ii,0,R-023 cluster
loobani,Loobani,0,R-023 cluster
loreal,L'Oreal,0,R-023 cluster
lotfancy,Lotfancy,0,R-023 cluster
love s cabin,Love's Cabin,0,R-023 cluster
lovestown,Lovestown,0,R-023 cluster
lovevook,LOVEVOOK,0,R-023 cluster
luckup,LUCKUP,0,R-023 cluster
lullababy,Lullababy,0,R-023 cluster
lumify,LUMIFY,0,R-023 cluster
lumisource,Lumisource,0,R-023 cluster
lux decor,Lux Decor,0,R-023 cluster
luxdecor,Lux Decor,0,R-023 cluster
luxenhome,Luxenhome,0,R-023 cluster
luxurux,LuxUrux,0,R-023 cluster
lvyihan,Lvyihan,0,R-023 cluster
m d building products,MD Building Products,0,R-023 cluster
mac,MAC,0,R-023 cluster
mackenzie childs,MacKenzie-Childs,0,R-023 cluster
made by me,Made By Me,0,R-023 cluster
madesmart,Madesmart,0,R-023 cluster
magic the gathering,Magic The Gathering,0,R-023 cluster
magicbag,MagicBag,0,R-023 cluster
magicjack,Magicjack,0,R-023 cluster
magna tiles,Magnatiles,0,R-023 cluster
magnatiles,Magnatiles,0,R-023 cluster
mahancris,Mahancris,0,R-023 cluster
maicifi,maicifi,0,R-023 cluster
mainstay,Mainstay,0,R-023 cluster
maison d hermine,Maison D' Hermine,0,R-023 cluster
makers collective,Makers Collective,0,R-023 cluster
mallome,MalloMe,0,R-023 cluster
mam,MAM,0,R-023 cluster
marcy,Marcy,0,R-023 cluster
marmot,MARMOT,0,R-023 cluster
marvel spider man,Marvel Spiderman,0,R-023 cluster
marvel spiderman,Marvel Spiderman,0,R-023 cluster
master and co,Master & Co.,0,R-023 cluster
master pieces,Masterpieces,0,R-023 cluster
masterchef,Masterchef,0,R-023 cluster
masterpieces,Masterpieces,0,R-023 cluster
masters of the universe,Masters Of The Universe,0,R-023 cluster
mastersheet,Mastersheet,0,R-023 cluster
matrix,Matrix,0,R-023 cluster
mawa,MAWA,0,R-023 cluster
maxchief,Maxchief,0,R-023 cluster
maxgear,MaxGear,0,R-023 cluster
maxi,MAXI,0,R-023 cluster
maxi cosi,Maxi-Cosi,0,R-023 cluster
maxicosi,Maxi-Cosi,0,R-023 cluster
maxtek,Maxtek,0,R-023 cluster
maybelline,Maybelline,0,R-023 cluster
mayeerty,MAYEERTY,0,R-023 cluster
mc,MC,0,R-023 cluster
mc fashion group inc,"Mc Fashion Group, Inc",0,R-023 cluster
mcdavid,McDavid,0,R-023 cluster
mcfarlane toys,McFarlane Toys,0,R-023 cluster
mcguirenicholas,Mcguirenicholas,0,R-023 cluster
mcs,MCS,0,R-023 cluster
md building products,MD Building Products,0,R-023 cluster
mdesign,mDesign,0,R-023 cluster
mdsasfd,Mdsasfd,0,R-023 cluster
med spec,Med Spec,0,R-023 cluster
mega,Mega,0,R-023 cluster
megachef,Megachef,0,R-023 cluster
megawise,Megawise,0,R-023 cluster
meguiar s,Meguiar's,0,R-023 cluster
meguiars,Meguiar's,0,R-023 cluster
mehofond,MEHOFOND,0,R-023 cluster
melissa and doug,Melissa & Doug,0,R-023 cluster
member s mark,Member's Mark,0,R-023 cluster
members mark,Member's Mark,0,R-023 cluster
mercury,MERCURY,0,R-023 cluster
meridian furniture usa,Meridian Furniture Usa,0,R-023 cluster
merka,merka,0,R-023 cluster
merkur,Merkur,0,R-023 cluster
merrymakers,Merrymakers,0,R-023 cluster
mesorah publications ltd,Mesorah Publications Ltd.,0,R-023 cluster
mga s miniverse,MGA's Miniverse,0,R-023 cluster
mgp,Mgp,0,R-023 cluster
mia sdream,Mia'sDream,0,R-023 cluster
michelin,Michelin,0,R-023 cluster
midwest,Midwest,0,R-023 cluster
midwest homes for pets,Midwest Homes For Pets,0,R-023 cluster
mier,Mier,0,R-023 cluster
milk bone,Milk Bone,0,R-023 cluster
milk shake,milk_shake,0,R-023 cluster
mindware,Mindware,0,R-023 cluster
ministry of sound,Ministry Of Sound,0,R-023 cluster
minnark,Minnark,0,R-023 cluster
minnidip,MINNIDIP,0,R-023 cluster
minnie,Minnie,0,R-023 cluster
miracle gro,Miracle-Gro,0,R-023 cluster
misc,,1,placeholder
miscellaneous,,1,placeholder
miss moly,MISS MOLY,0,R-023 cluster
mission,Mission,0,R-023 cluster
miu,MIU,0,R-023 cluster
miulee,Miulee,0,R-023 cluster
mizgi,Mizgi,0,R-023 cluster
mlb,MLB,0,R-023 cluster
mlily,Mlily,0,R-023 cluster
mmizoo,MMIZOO,0,R-023 cluster
mobil 1,Mobil 1,0,R-023 cluster
mobil1,Mobil 1,0,R-023 cluster
mobyke,Mobyke,0,R-023 cluster
modernluxe,Modernluxe,0,R-023 cluster
moe s home collection,Moe's Home Collection,0,R-023 cluster
moko,MoKo,0,R-023 cluster
momcozy,Momcozy,0,R-023 cluster
mommy s helper,Mommy'S Helper,0,R-023 cluster
montcool,montcool,0,R-023 cluster
montvoo,Montvoo,0,R-023 cluster
moomoo baby,MooMoo Baby,0,R-023 cluster
moonsea,Moonsea,0,R-023 cluster
moose,Moose,0,R-023 cluster
moose games,Moose Games,0,R-023 cluster
moshay,MOSHAY,0,R-023 cluster
mosiso,MOSISO,0,R-023 cluster
motorad,Motorad,0,R-023 cluster
mount it,Mount-It!,0,R-023 cluster
mountftv,Mountftv,0,R-023 cluster
mountit,Mount-It!,0,R-023 cluster
mr clean,Mr. Clean,0,R-023 cluster
mr heater,Mr. Heater,0,R-023 cluster
mr siga,Mr.Siga,0,R-023 cluster
mrbeast lab,MrBeast Lab,0,R-023 cluster
mrs meyer s,Mrs. MEYER'S,0,R-023 cluster
mrs meyer s clean day,Mrs. Meyer's Clean Day,0,R-023 cluster
ms,MS,0,R-023 cluster
msi,MSI,0,R-023 cluster
mtm,MTM,0,R-023 cluster
muc off,Muc-Off,0,R-023 cluster
mucoff,Muc-Off,0,R-023 cluster
mueller,MUELLER,0,R-023 cluster
muove,MUOVE,0,R-023 cluster
mute,MUTE,0,R-023 cluster
muxhomo,Muxhomo,0,R-023 cluster
mybaby,MyBaby,0,R-023 cluster
mycharge,Mycharge,0,R-023 cluster
mymini,Mymini,0,R-023 cluster
mypet,Mypet,0,R-023 cluster
mysky home,Mysky Home,0,R-023 cluster
mytouchsmart,myTouchSmart,0,R-023 cluster
n a,,1,placeholder
n and y home,N&Y Home,0,R-023 cluster
n c,N\\C,0,R-023 cluster
na,,1,placeholder
napqueen,NapQueen,0,R-023 cluster
nascar,NASCAR,0,R-023 cluster
nature made,Nature Made,0,R-023 cluster
nature s miracle,Nature's Miracle,0,R-023 cluster
nature s way,Nature's Way,0,R-023 cluster
nature well,Naturewell,0,R-023 cluster
naturemade,Nature Made,0,R-023 cluster
naturewell,Naturewell,0,R-023 cluster
nc,N\\C,0,R-023 cluster
neatiease,NeatiEase,0,R-023 cluster
neca,Neca,0,R-023 cluster
nee doh,Needoh,0,R-023 cluster
needoh,Needoh,0,R-023 cluster
neiko,NEIKO,0,R-023 cluster
nerf,Nerf,0,R-023 cluster
new star food service,New Star Foodservice,0,R-023 cluster
new star foodservice,New Star Foodservice,0,R-023 cluster
new young,NEW YOUNG,0,R-023 cluster
newray,NewRay,0,R-023 cluster
nicetown,Nicetown,0,R-023 cluster
niffgaff,niffgaff,0,R-023 cluster
nihome,NiHome,0,R-023 cluster
nikwax,Nikwax,0,R-023 cluster
ninja,Ninja,0,R-023 cluster
nioxin,Nioxin,0,R-023 cluster
nite ize,Nite Ize,0,R-023 cluster
niteize,Nite Ize,0,R-023 cluster
nivea,NIVEA,0,R-023 cluster
nkok,NKOK,0,R-023 cluster
no brand,,1,placeholder
no name,,1,placeholder
noname,,1,placeholder
none,,1,placeholder
nooncrazy,nooncrazy,0,R-023 cluster
nordictrack,Nordictrack,0,R-023 cluster
north,NORTH,0,R-023 cluster
not now,NOT NOW,0,R-023 cluster
not specified,,1,placeholder
npw,Npw,0,R-023 cluster
nsg,NSG,0,R-023 cluster
ntbay,Ntbay,0,R-023 cluster
nuk,NUK,0,R-023 cluster
null,,1,placeholder
nuloom,Nuloom,0,R-023 cluster
nuolux,Nuolux,0,R-023 cluster
nutrichef,Nutrichef,0,R-023 cluster
nutriups,Nutriups,0,R-023 cluster
nuwallpaper,Nuwallpaper,0,R-023 cluster
nuwave,Nuwave,0,R-023 cluster
nyx professional makeup,Nyx Professional Makeup,0,R-023 cluster
o b,O+B,0,R-023 cluster
o cedar,O-Cedar,0,R-023 cluster
o keeffe s,O'Keeffe's,0,R-023 cluster
o2cool,O2Cool,0,R-023 cluster
ob,O+B,0,R-023 cluster
ob options,OB Options,0,R-023 cluster
obbsie,Obbsie,0,R-023 cluster
oceanstar,Oceanstar,0,R-023 cluster
ocedar,O-Cedar,0,R-023 cluster
oem home,Oem Home,0,R-023 cluster
oemtools,OEMTOOLS,0,R-023 cluster
off,OFF!,0,R-023 cluster
office mate,Officemate,0,R-023 cluster
officemate,Officemate,0,R-023 cluster
ofila,Ofila,0,R-023 cluster
ogx,OGX,0,R-023 cluster
ohome,OHOME,0,R-023 cluster
oiahomy,Oiahomy,0,R-023 cluster
ojia,Ojia,0,R-023 cluster
okuma,Okuma,0,R-023 cluster
olanly,Olanly,0,R-023 cluster
olight,OLIGHT,0,R-023 cluster
olixis,Olixis,0,R-023 cluster
olly,Olly,0,R-023 cluster
omnpak,Omnpak,0,R-023 cluster
on stage,OnStage,0,R-023 cluster
oneisall,Oneisall,0,R-023 cluster
onetigris,OneTigris,0,R-023 cluster
onn,Onn,0,R-023 cluster
onstage,OnStage,0,R-023 cluster
ook,OOK,0,R-023 cluster
opalhouse designed with jungalow,Opalhouse Designed With Jungalow,0,R-023 cluster
ophelia and co,Ophelia & Co.,0,R-023 cluster
opi,Opi,0,R-023 cluster
oral b,Oral-B,0,R-023 cluster
oralb,Oral-B,0,R-023 cluster
oribe,Oribe,0,R-023 cluster
orinova,ORINOVA,0,R-023 cluster
ors,ORS,0,R-023 cluster
oshkosh b gosh,Oshkosh B'Gosh,0,R-023 cluster
osocozy,Osocozy,0,R-023 cluster
otostar,Otostar,0,R-023 cluster
otter box,Otterbox,0,R-023 cluster
otterbox,Otterbox,0,R-023 cluster
ottlite,OttLite,0,R-023 cluster
out,Out!,0,R-023 cluster
outdoormaster,OutdoorMaster,0,R-023 cluster
ovente,Ovente,0,R-023 cluster
over and back,Over and Back,0,R-023 cluster
overandback,Over and Back,0,R-023 cluster
ovzme,OVZME,0,R-023 cluster
owenie,Owenie,0,R-023 cluster
oxford,Oxford,0,R-023 cluster
oxi clean,OxiClean,0,R-023 cluster
oxiclean,OxiClean,0,R-023 cluster
oxo,OXO,0,R-023 cluster
oxo tot,OXO Tot,0,R-023 cluster
p c,PC,0,R-023 cluster
packit,Packit,0,R-023 cluster
page publications,Page Publications,0,R-023 cluster
palmer s,Palmer's,0,R-023 cluster
panda top,Panda Top,0,R-023 cluster
pandaear,Pandaear,0,R-023 cluster
pandatop,Panda Top,0,R-023 cluster
pandicorn,PANDICORN,0,R-023 cluster
paper mate,Paper Mate,0,R-023 cluster
papermate,Paper Mate,0,R-023 cluster
parent s choice,Parents Choice,0,R-023 cluster
parents choice,Parents Choice,0,R-023 cluster
parfums belcam,Parfums Belcam,0,R-023 cluster
parfumsbelcam,Parfums Belcam,0,R-023 cluster
parlophone,Parlophone,0,R-023 cluster
partywoo,PartyWoo,0,R-023 cluster
paslode,Paslode,0,R-023 cluster
patikil,Patikil,0,R-023 cluster
patio festival,Patio Festival,0,R-023 cluster
patiofestival,Patio Festival,0,R-023 cluster
paw patrol,Paw Patrol,0,R-023 cluster
pawz road,PAWZ Road,0,R-023 cluster
pc,PC,0,R-023 cluster
pca skin,PCA Skin,0,R-023 cluster
pcfing,PCFING,0,R-023 cluster
peak,Peak,0,R-023 cluster
pediasure,PediaSure,0,R-023 cluster
pem,PEM,0,R-023 cluster
pen gear,Pen+Gear,0,R-023 cluster
pengear,Pen+Gear,0,R-023 cluster
penn,Penn,0,R-023 cluster
penn plax,Pennplax,0,R-023 cluster
pennplax,Pennplax,0,R-023 cluster
perigold,Perigold,0,R-023 cluster
perlesmith,PERLESMITH,0,R-023 cluster
perricone md,Perricone Md,0,R-023 cluster
petarmor,Petarmor,0,R-023 cluster
peter pauper press,Peter Pauper Press,0,R-023 cluster
peter thomas roth,Peter Thomas Roth,0,R-023 cluster
peterthomasroth,Peter Thomas Roth,0,R-023 cluster
petlibro,Petlibro,0,R-023 cluster
petsafe,Petsafe,0,R-023 cluster
phancir,PHANCIR,0,R-023 cluster
philips,Philips,0,R-023 cluster
philips norelco,Philips Norelco,0,R-023 cluster
philipsnorelco,Philips Norelco,0,R-023 cluster
pi kids,PI Kids,0,R-023 cluster
piccocasa,PiccoCasa,0,R-023 cluster
pickood,pickood,0,R-023 cluster
picnic time,Picnic Time,0,R-023 cluster
piglog,Piglog,0,R-023 cluster
pillow fort,Pillowfort,0,R-023 cluster
pillowfort,Pillowfort,0,R-023 cluster
pilot,Pilot,0,R-023 cluster
pine sol,Pine-Sol,0,R-023 cluster
pinesol,Pine-Sol,0,R-023 cluster
pit boss,Pit Boss,0,R-023 cluster
pitpet,Pitpet,0,R-023 cluster
pj masks,PJ Masks,0,R-023 cluster
pjyucien,Pjyucien,0,R-023 cluster
planahead,Planahead,0,R-023 cluster
plasticplace,Plasticplace,0,R-023 cluster
plasticpro,PLASTICPRO,0,R-023 cluster
play day,Play Day,0,R-023 cluster
play doh,Play-Doh,0,R-023 cluster
playdoh,Play-Doh,0,R-023 cluster
playfun,PlayFun,0,R-023 cluster
playmonster,Playmonster,0,R-023 cluster
playstation,PlayStation,0,R-023 cluster
playvibe,PLAYVIBE,0,R-023 cluster
plus plus,Plus-Plus,0,R-023 cluster
plusone,plusOne,0,R-023 cluster
pok mon,Pokémon,0,R-023 cluster
pokmon,Pokémon,0,R-023 cluster
polar,Polar,0,R-023 cluster
polywood,Polywood,0,R-023 cluster
pond s,Pond's,0,R-023 cluster
poo pourri,Poo-Pourri,0,R-023 cluster
poopourri,Poo-Pourri,0,R-023 cluster
pop mart,Pop Mart,0,R-023 cluster
popsockets,Popsockets,0,R-023 cluster
porter cable,Porter-Cable,0,R-023 cluster
portercable,Porter-Cable,0,R-023 cluster
posca,POSCA,0,R-023 cluster
post it,Post-it,0,R-023 cluster
postal pro,Postal Pro,0,R-023 cluster
postit,Post-it,0,R-023 cluster
power xl,PowerXL,0,R-023 cluster
powercare,Powercare,0,R-023 cluster
powersmart,PowerSmart,0,R-023 cluster
powerxl,PowerXL,0,R-023 cluster
prctz,Prctz,0,R-023 cluster
prepworks,Prepworks,0,R-023 cluster
prettylitter,Prettylitter,0,R-023 cluster
prextex,Prextex,0,R-023 cluster
primasole,Primasole,0,R-023 cluster
prime line,Primeline,0,R-023 cluster
primeline,Primeline,0,R-023 cluster
pro tec athletics,Protec Athletics,0,R-023 cluster
procase,ProCase,0,R-023 cluster
professor puzzle,Professor PUZZLE,0,R-023 cluster
profishiency,Profishiency,0,R-023 cluster
prokeeper,Prokeeper,0,R-023 cluster
prosource fit,ProsourceFit,0,R-023 cluster
prosourcefit,ProsourceFit,0,R-023 cluster
protec athletics,Protec Athletics,0,R-023 cluster
psd,PSD,0,R-023 cluster
pull ups,Pull-Ups,0,R-023 cluster
pullcrease,PullCrease,0,R-023 cluster
pullups,Pull-Ups,0,R-023 cluster
puma,PUMA,0,R-023 cluster
pupopik,Pupopik,0,R-023 cluster
pupteck,Pupteck,0,R-023 cluster
pur,Pur,0,R-023 cluster
pur filtration,PUR Filtration,0,R-023 cluster
pura d or,PURA D'OR,0,R-023 cluster
pureguardian,PureGuardian,0,R-023 cluster
purrugs,Purrugs,0,R-023 cluster
putwo,Putwo,0,R-023 cluster
pyle,Pyle,0,R-023 cluster
pyle pro,Pyle Pro,0,R-023 cluster
pylepro,Pyle Pro,0,R-023 cluster
q tips,Qtips,0,R-023 cluster
qalo,Qalo,0,R-023 cluster
qfx,QFX,0,R-023 cluster
qtips,Qtips,0,R-023 cluster
qtop,QTop,0,R-023 cluster
quality park,Quality park,0,R-023 cluster
rabbitgoo,Rabbitgoo,0,R-023 cluster
rad sportz,RAD Sportz,0,R-023 cluster
rain x,Rain-X,0,R-023 cluster
rainx,Rain-X,0,R-023 cluster
rantice,rantice,0,R-023 cluster
rbx,RBX,0,R-023 cluster
rca,RCA,0,R-023 cluster
re fine,Re/Fine,0,R-023 cluster
re ment,Re-Ment,0,R-023 cluster
re zip,(re)zip,0,R-023 cluster
reach,Reach,0,R-023 cluster
reliance,Reliance,0,R-023 cluster
rement,Re-Ment,0,R-023 cluster
renpho,Renpho,0,R-023 cluster
renpure,RENPURE,0,R-023 cluster
resmed,ResMed,0,R-023 cluster
revlon,Revlon,0,R-023 cluster
rg barry corporation,RG Barry Corporation,0,R-023 cluster
riccle,Riccle,0,R-023 cluster
ridesafer,RideSafer,0,R-023 cluster
ridgid,RIDGID,0,R-023 cluster
rifle paper co x target,Rifle Paper Co. X Target,0,R-023 cluster
rigid,RIGID,0,R-023 cluster
rinotuff,RinoTuff,0,R-023 cluster
rinozo,Rinozo,0,R-023 cluster
ripit,Ripit,0,R-023 cluster
ritz,Ritz,0,R-023 cluster
river of goods,River of Goods,0,R-023 cluster
rldvay,RLDVAY,0,R-023 cluster
rms,RMS,0,R-023 cluster
roadpro,Roadpro,0,R-023 cluster
robo time,ROBOTIME,0,R-023 cluster
robotime,ROBOTIME,0,R-023 cluster
roc,RoC,0,R-023 cluster
rock jam,RockJam,0,R-023 cluster
rockjam,RockJam,0,R-023 cluster
rode microphones,Rode Microphones,0,R-023 cluster
roommates,Roommates,0,R-023 cluster
rose art,RoseArt,0,R-023 cluster
roseart,RoseArt,0,R-023 cluster
rosvigor,Rosvigor,0,R-023 cluster
round up,Roundup,0,R-023 cluster
roundup,Roundup,0,R-023 cluster
royalbaby,RoyalBaby,0,R-023 cluster
rsvp,Rsvp,0,R-023 cluster
rtic outdoors,Rtic Outdoors,0,R-023 cluster
rubfac,Rubfac,0,R-023 cluster
rubie s,Rubies,0,R-023 cluster
rubies,Rubies,0,R-023 cluster
rubik s,Rubik's,0,R-023 cluster
rubiks,Rubik's,0,R-023 cluster
rudolph the red nosed reindeer,Rudolph The Red-Nosed Reindeer,0,R-023 cluster
rudolph the rednosed reindeer,Rudolph The Red-Nosed Reindeer,0,R-023 cluster
runstar,Runstar,0,R-023 cluster
rust oleum,Rust-Oleum,0,R-023 cluster
rustoleum,Rust-Oleum,0,R-023 cluster
ryb,RYB,0,R-023 cluster
ryb home,Ryb Home,0,R-023 cluster
ryobi,Ryobi,0,R-023 cluster
s e i,SEI,0,R-023 cluster
s l,S+L,0,R-023 cluster
s r smith,S.R. Smith,0,R-023 cluster
s well,S'Well,0,R-023 cluster
safavieh,Safavieh,0,R-023 cluster
safe er grip,Safe-er-Grip,0,R-023 cluster
safeergrip,Safe-er-Grip,0,R-023 cluster
safefit,SafeFit,0,R-023 cluster
safety 1st,Safety 1st,0,R-023 cluster
sailary,SAILARY,0,R-023 cluster
salav,SALAV,0,R-023 cluster
saluspa,SaluSpa,0,R-023 cluster
samsung,Samsung,0,R-023 cluster
sandisk,Sandisk,0,R-023 cluster
saw stop,Saw stop,0,R-023 cluster
sawans,SAWANS,0,R-023 cluster
sawstop,Saw stop,0,R-023 cluster
scentsationals,Scentsationals,0,R-023 cluster
schlage,Schlage,0,R-023 cluster
schmidt,Schmidt,0,R-023 cluster
sclose,Sclose,0,R-023 cluster
scotch brite,Scotchbrite,0,R-023 cluster
scotchbrite,Scotchbrite,0,R-023 cluster
scruff a luvs,SCRUFFALUVS,0,R-023 cluster
scruffaluvs,SCRUFFALUVS,0,R-023 cluster
sea to summit,Sea to Summit,0,R-023 cluster
seachoice,SEACHOICE,0,R-023 cluster
seasense,Seasense,0,R-023 cluster
seek4comfortable,Seek4comfortable,0,R-023 cluster
sega sonic the hedgehog,Sega Sonic The Hedgehog,0,R-023 cluster
segasonic the hedgehog sonic the hedgehog,Sega Sonic The Hedgehog,0,R-023 cluster
sei,SEI,0,R-023 cluster
senda,SENDA,0,R-023 cluster
sense u,Sense U,0,R-023 cluster
senseu,Sense U,0,R-023 cluster
sensodyne pronamel,Sensodyne Pronamel,0,R-023 cluster
sentry safe,SentrySafe,0,R-023 cluster
sentrysafe,SentrySafe,0,R-023 cluster
serenelife,Serenelife,0,R-023 cluster
seventeen,SEVENTEEN,0,R-023 cluster
sexy hair,SexyHair,0,R-023 cluster
sexyhair,SexyHair,0,R-023 cluster
sf,Sf,0,R-023 cluster
sgi bedding,Sgi Bedding,0,R-023 cluster
shacos,Shacos,0,R-023 cluster
shamofeng,shamofeng,0,R-023 cluster
shardor,Shardor,0,R-023 cluster
shea moisture,SheaMoisture,0,R-023 cluster
sheamoisture,SheaMoisture,0,R-023 cluster
sheechung,SheeChung,0,R-023 cluster
shop vac,Shop-Vac,0,R-023 cluster
shopvac,Shop-Vac,0,R-023 cluster
shoulder dolly,SHOULDER DOLLY,0,R-023 cluster
shoulderdolly,SHOULDER DOLLY,0,R-023 cluster
siemens,Siemens,0,R-023 cluster
sievert,Sievert,0,R-023 cluster
sigg,SIGG,0,R-023 cluster
signature design by ashley,Signature Design By Ashley,0,R-023 cluster
signleader,SIGNLEADER,0,R-023 cluster
siiloom,Siiloom,0,R-023 cluster
simple home,Simple Home,0,R-023 cluster
simple human,Simplehuman,0,R-023 cluster
simplehome,Simple Home,0,R-023 cluster
simplehuman,Simplehuman,0,R-023 cluster
simpli home,Simpli Home,0,R-023 cluster
simpli magic,Simplimagic,0,R-023 cluster
simplihome,Simpli Home,0,R-023 cluster
simplimagic,Simplimagic,0,R-023 cluster
sk,Sk,0,R-023 cluster
skibidi toilet,Skibidi Toilet,0,R-023 cluster
skil,Skil,0,R-023 cluster
skl home,Skl Home,0,R-023 cluster
sklz,SKLZ,0,R-023 cluster
sky rocket,Sky Rocket,0,R-023 cluster
skyrocket,Sky Rocket,0,R-023 cluster
skyshalo,Skyshalo,0,R-023 cluster
sl,S+L,0,R-023 cluster
sleep zone,Sleep Zone,0,R-023 cluster
sleepingbaby,SleepingBaby,0,R-023 cluster
slf,Slf,0,R-023 cluster
slimygloop,SlimyGloop,0,R-023 cluster
slk,Slk,0,R-023 cluster
slt,SLT,0,R-023 cluster
smart design,SmartDesign,0,R-023 cluster
smartdesign,SmartDesign,0,R-023 cluster
smartsign,Smartsign,0,R-023 cluster
smartstandard,SmartStandard,0,R-023 cluster
smartykat,SmartyKat,0,R-023 cluster
smead,Smead,0,R-023 cluster
smile mart,Smilemart,0,R-023 cluster
smilemart,Smilemart,0,R-023 cluster
snaplock,SnapLock,0,R-023 cluster
so cozy,SoCozy,0,R-023 cluster
so yummy by bella,So Yummy By Bella,0,R-023 cluster
soar,SOAR,0,R-023 cluster
soatuto,Soatuto,0,R-023 cluster
socozy,SoCozy,0,R-023 cluster
sodastream,SodaStream,0,R-023 cluster
sohida,Sohida,0,R-023 cluster
sohome,Sohome,0,R-023 cluster
solar,Solar,0,R-023 cluster
solid roots,Solid Roots,0,R-023 cluster
solidroots,Solid Roots,0,R-023 cluster
solo,Solo,0,R-023 cluster
songmics,Songmics,0,R-023 cluster
songmics home,Songmics Home,0,R-023 cluster
sonic prime,Sonic Prime,0,R-023 cluster
sonic the hedgehog,Sonic The Hedgehog,0,R-023 cluster
sony music,Sony Music,0,R-023 cluster
sony music cmg,Sony Music Cmg,0,R-023 cluster
sophie la girafe,Sophie la girafe,0,R-023 cluster
sp home,SP Home,0,R-023 cluster
sp scienceware,SP Scienceware,0,R-023 cluster
spacekeeper,SPACEKEEPER,0,R-023 cluster
spacelead,SPACELEAD,0,R-023 cluster
spark create imagine,Spark Create Imagine,0,R-023 cluster
sparkle,SPARKLE,0,R-023 cluster
sparoom,SpaRoom,0,R-023 cluster
sparta,Sparta,0,R-023 cluster
speed out,Speed Out,0,R-023 cluster
speedout,Speed Out,0,R-023 cluster
spider man,Spiderman,0,R-023 cluster
spiderman,Spiderman,0,R-023 cluster
spidey and friends,Spidey & Friends,0,R-023 cluster
spidey and his amazing friends,Spidey And His Amazing Friends,0,R-023 cluster
splat r ball,Splatrball,0,R-023 cluster
splatrball,Splatrball,0,R-023 cluster
sport pet designs,Sportpet Designs,0,R-023 cluster
sportdog,Sportdog,0,R-023 cluster
sportpet designs,Sportpet Designs,0,R-023 cluster
spot,Spot,0,R-023 cluster
spri,SPRI,0,R-023 cluster
spring seaon,Spring Seaon,0,R-023 cluster
spritegru,SpriteGru,0,R-023 cluster
spritz,Spritz,0,R-023 cluster
squatz,SQUATZ,0,R-023 cluster
squish a longs,Squishalongs,0,R-023 cluster
squishalongs,Squishalongs,0,R-023 cluster
sr smith,S.R. Smith,0,R-023 cluster
st,St,0,R-023 cluster
st fhs,St Fhs,0,R-023 cluster
st tropez,St. Tropez,0,R-023 cluster
stanley,Stanley,0,R-023 cluster
star brite,Star Brite,0,R-023 cluster
star wars,Star Wars,0,R-023 cluster
starwars,Star Wars,0,R-023 cluster
stasher,stasher,0,R-023 cluster
steamedbun,Steamedbun,0,R-023 cluster
stearns,STEARNS,0,R-023 cluster
stearns and foster,Stearns and Foster,0,R-023 cluster
steel series,SteelSeries,0,R-023 cluster
steelseries,SteelSeries,0,R-023 cluster
stella and chewy s,Stella & Chewy'S,0,R-023 cluster
stem,STEM,0,R-023 cluster
step 2,Step2,0,R-023 cluster
step2,Step2,0,R-023 cluster
sterilite,Sterilite,0,R-023 cluster
sterling,STERLING,0,R-023 cluster
stiga,Stiga,0,R-023 cluster
stila,Stila,0,R-023 cluster
stm,STM,0,R-023 cluster
stmt,Stmt,0,R-023 cluster
stobsk,Stobsk,0,R-023 cluster
stork craft,Storkcraft,0,R-023 cluster
storkcraft,Storkcraft,0,R-023 cluster
stp,Stp,0,R-023 cluster
stx,STX,0,R-023 cluster
stylecraft,StyleCraft,0,R-023 cluster
stylewell,StyleWell,0,R-023 cluster
suds lab,Suds Lab,0,R-023 cluster
sudslab,Suds Lab,0,R-023 cluster
sugar paper target,Sugar Paper Target,0,R-023 cluster
sugift,Sugift,0,R-023 cluster
summer by ingenuity,Summer by Ingenuity,0,R-023 cluster
sun squad,Sun Squad,0,R-023 cluster
sun staches,Sun-Staches,0,R-023 cluster
sunee,SUNEE,0,R-023 cluster
sunny health and fitness,Sunny Health & Fitness,0,R-023 cluster
sunrise,Sunrise,0,R-023 cluster
sunsmart,Sunsmart,0,R-023 cluster
sunsquad,Sun Squad,0,R-023 cluster
sunstaches,Sun-Staches,0,R-023 cluster
suoco,SUOCO,0,R-023 cluster
super 7,Super7,0,R-023 cluster
super stroke,Super Stroke,0,R-023 cluster
super tech,Super Tech,0,R-023 cluster
super7,Super7,0,R-023 cluster
superstroke,Super Stroke,0,R-023 cluster
supertech,Super Tech,0,R-023 cluster
sure fit,Sure Fit,0,R-023 cluster
surefire,SureFire,0,R-023 cluster
surefit,Sure Fit,0,R-023 cluster
surya,SURYA,0,R-023 cluster
suzuki,SUZUKI,0,R-023 cluster
swaddledesigns,Swaddledesigns,0,R-023 cluster
swaddleme,Swaddleme,0,R-023 cluster
sweet home collection,Sweet Home Collection,0,R-023 cluster
sweet home collections,Sweet Home Collection,0,R-023 cluster
swim school,Swimschool,0,R-023 cluster
swimline,Swimline,0,R-023 cluster
swimschool,Swimschool,0,R-023 cluster
swimways,SwimWays,0,R-023 cluster
swiss tech,Swiss Tech,0,R-023 cluster
swissgear,Swissgear,0,R-023 cluster
swisstech,Swiss Tech,0,R-023 cluster
syncfun,Syncfun,0,R-023 cluster
szco,SZCO,0,R-023 cluster
szhlux,Szhlux,0,R-023 cluster
t fal,T-Fal,0,R-023 cluster
tabayon,TABAYON,0,R-023 cluster
tabitha brown for target,Tabitha Brown For Target,0,R-023 cluster
tablecraft,TableCraft,0,R-023 cluster
takara tomy,Takara Tomy,0,R-023 cluster
tal,Tal,0,R-023 cluster
tamashii nations,TAMASHII NATIONS,0,R-023 cluster
tarp,Tarp,0,R-023 cluster
tarte,tarte,0,R-023 cluster
taylor made,TaylorMade,0,R-023 cluster
taylormade,TaylorMade,0,R-023 cluster
tb,TB,0,R-023 cluster
tchdio,Tchdio,0,R-023 cluster
tcl,TCL,0,R-023 cluster
teakhaus,TeakHaus,0,R-023 cluster
tech deck,Tech Deck,0,R-023 cluster
tecunite,Tecunite,0,R-023 cluster
teeturtle,Teeturtle,0,R-023 cluster
tege,Tege,0,R-023 cluster
tempur pedic,Tempurpedic,0,R-023 cluster
tempurpedic,Tempurpedic,0,R-023 cluster
tena,Tena,0,R-023 cluster
terra by battat,Terra By Battat,0,R-023 cluster
teton sports,TETON Sports,0,R-023 cluster
tfal,T-Fal,0,R-023 cluster
thayer s,THAYERS,0,R-023 cluster
thayers,THAYERS,0,R-023 cluster
the art of shaving,The Art of Shaving,0,R-023 cluster
the elf on the shelf,The Elf on the Shelf,0,R-023 cluster
the glove source,THE GLOVE SOURCE,0,R-023 cluster
the hc companies,The Hc Companies,0,R-023 cluster
the liv group inc,The Liv Group Inc,0,R-023 cluster
the north face,THE NORTH FACE,0,R-023 cluster
thera band,THERABAND,0,R-023 cluster
theraband,THERABAND,0,R-023 cluster
therabreath,TheraBreath,0,R-023 cluster
therm a rest,Therm-a-Rest,0,R-023 cluster
thermarest,Therm-a-Rest,0,R-023 cluster
thermoflask,ThermoFlask,0,R-023 cluster
thermos,Thermos,0,R-023 cluster
thinkfun,ThinkFun,0,R-023 cluster
thompson s water seal,Thompson's Water Seal,0,R-023 cluster
thompsons waterseal,Thompson's Water Seal,0,R-023 cluster
thooum,Thooum,0,R-023 cluster
threshold,Threshold,0,R-023 cluster
threshold designed w studio mcge,Threshold Designed W/Studio Mcgee,0,R-023 cluster
threshold designed w studio mcgee,Threshold Designed W/Studio Mcgee,0,R-023 cluster
threshold designed with studio mcgee,Threshold Designed With Studio McGee,0,R-023 cluster
tiki,Tiki,0,R-023 cluster
tile town,Tile Town,0,R-023 cluster
time and tru,Time and Tru,0,R-023 cluster
titan by arctic zone,Titan by Arctic Zone,0,R-023 cluster
tjs,Tjs,0,R-023 cluster
toddleroo by north states,Toddleroo By North States,0,R-023 cluster
tom s of maine,Tom's of Maine,0,R-023 cluster
tomy,TOMY,0,R-023 cluster
tonies,Tonies,0,R-023 cluster
tonymoly,Tonymoly,0,R-023 cluster
toolf,TOOLF,0,R-023 cluster
topdesign,TOPDesign,0,R-023 cluster
toppik,TOPPIK,0,R-023 cluster
torchstar,Torchstar,0,R-023 cluster
total pond,TotalPond,0,R-023 cluster
totalpond,TotalPond,0,R-023 cluster
totes,Totes,0,R-023 cluster
toto,Toto,0,R-023 cluster
tow smart,Towsmart,0,R-023 cluster
town and country,Town & Country,0,R-023 cluster
towsmart,Towsmart,0,R-023 cluster
toy planet,Toy Planet,0,R-023 cluster
toyplanet,Toy Planet,0,R-023 cluster
tp link,TP-Link,0,R-023 cluster
transformers,Transformers,0,R-023 cluster
tresemme,Tresemme,0,R-023 cluster
trico,TRICO,0,R-023 cluster
triggerpoint,TriggerPoint,0,R-023 cluster
trinity,Trinity,0,R-023 cluster
triwonder,TRIWONDER,0,R-023 cluster
trixie,Trixie,0,R-023 cluster
tru jump,Tru jump,0,R-023 cluster
truglo,TRUGLO,0,R-023 cluster
trujump,Tru jump,0,R-023 cluster
ttu,TTU,0,R-023 cluster
tubbz,TUBBZ,0,R-023 cluster
tumovo,Tumovo,0,R-023 cluster
tuotpe,TUOTPE,0,R-023 cluster
twice,Twice,0,R-023 cluster
ty d bol,Ty-D-Bol,0,R-023 cluster
tymo,Tymo,0,R-023 cluster
type s,Type S,0,R-023 cluster
types,Type S,0,R-023 cluster
tyr,TYR,0,R-023 cluster
u brands,U Brands,0,R-023 cluster
u line,Uline,0,R-023 cluster
u qe,U-QE,0,R-023 cluster
u s polo assn,U.S. Polo Assn.,0,R-023 cluster
u style,Ustyle,0,R-023 cluster
uaeyw,Uaeyw,0,R-023 cluster
ubmove,UBMOVE,0,R-023 cluster
ubrands,U Brands,0,R-023 cluster
ugreen,Ugreen,0,R-023 cluster
ulg,Ulg,0,R-023 cluster
uligota,Uligota,0,R-023 cluster
uline,Uline,0,R-023 cluster
ultra pro,Ultra Pro,0,R-023 cluster
ultrapro,Ultra Pro,0,R-023 cluster
unbraded,,1,placeholder
unbranded,,1,placeholder
uni ball,Uniball,0,R-023 cluster
uniball,Uniball,0,R-023 cluster
universal,Universal,0,R-023 cluster
universal music group,Universal Music Group,0,R-023 cluster
unknown,,1,placeholder
unnmiiy,unnmiiy,0,R-023 cluster
uno,UNO,0,R-023 cluster
unp,unp,0,R-023 cluster
unspecified,,1,placeholder
up and grow,Up and Grow,0,R-023 cluster
up and up,up&up,0,R-023 cluster
upgo,UPGO,0,R-023 cluster
uppababy,UPPAbaby,0,R-023 cluster
upsimples,Upsimples,0,R-023 cluster
upsky,Upsky,0,R-023 cluster
uqe,U-QE,0,R-023 cluster
urnexttour,urnexttour,0,R-023 cluster
us merchants inc,US Merchants Inc,0,R-023 cluster
us weight,US Weight,0,R-023 cluster
usa pan,USA Pan,0,R-023 cluster
usa toyz,USA Toyz,0,R-023 cluster
usaopoly,USAOPOLY,0,R-023 cluster
ustyle,Ustyle,0,R-023 cluster
usx mount,USX Mount,0,R-023 cluster
utg,UTG,0,R-023 cluster
uxcell,Uxcell,0,R-023 cluster
vallisco,Vallisco,0,R-023 cluster
vanderbilt home products,Vanderbilt Home Products,0,R-023 cluster
vanhel,vanhel,0,R-023 cluster
various,,1,placeholder
vcny,VCNY,0,R-023 cluster
veanerwood,Veanerwood,0,R-023 cluster
vector,Vector,0,R-023 cluster
velvet caviar,Velvet Caviar,0,R-023 cluster
venture 4th,VENTURE 4TH,0,R-023 cluster
venum,Venum,0,R-023 cluster
verpetridure,Verpetridure,0,R-023 cluster
vet s best,Vet'S Best,0,R-023 cluster
vevor,Vevor,0,R-023 cluster
vibrant life,Vibrant Life,0,R-023 cluster
victor,Victor,0,R-023 cluster
vikio,Vikio,0,R-023 cluster
viv rae,Viv + Rae,0,R-023 cluster
vivosun,VIVOSUN,0,R-023 cluster
viz media,Viz Media,0,R-023 cluster
vizio,Vizio,0,R-023 cluster
vtech,VTech,0,R-023 cluster
waddle,Waddle,0,R-023 cluster
walensee,WaLensee,0,R-023 cluster
walker books,Walker Books,0,R-023 cluster
walker s,Walker's,0,R-023 cluster
walkers,Walker's,0,R-023 cluster
wall qmer,WALL QMER,0,R-023 cluster
warner bros,Warner Bros,0,R-023 cluster
warner records,WARNER RECORDS,0,R-023 cluster
way to celebrate,Way To Celebrate,0,R-023 cluster
we think storage,Wethinkstorage,0,R-023 cluster
wea,WEA,0,R-023 cluster
weesprout,Weesprout,0,R-023 cluster
wegreeco,Wegreeco,0,R-023 cluster
welspun usa inc,WELSPUN USA INC,0,R-023 cluster
wet n wild,Wet N Wild,0,R-023 cluster
wethinkstorage,Wethinkstorage,0,R-023 cluster
what do you meme,WHAT DO YOU MEME?,0,R-023 cluster
white classic,White classic,0,R-023 cluster
wikki stix,WikkiStix,0,R-023 cluster
wikkistix,WikkiStix,0,R-023 cluster
wild badger power,Wild Badger Power,0,R-023 cluster
wild republic,Wild Republic,0,R-023 cluster
willbond,Willbond,0,R-023 cluster
wilson,Wilson,0,R-023 cluster
winsoon,Winsoon,0,R-023 cluster
wiss,Wiss,0,R-023 cluster
womaco,WOMACO,0,R-023 cluster
woods international,Woods International,0,R-023 cluster
woods woods international,Woods International,0,R-023 cluster
woodwick,WoodWick,0,R-023 cluster
workpro,Workpro,0,R-023 cluster
world s best cat litter,World's Best Cat Litter,0,R-023 cluster
world s smallest,Worlds Smallest,0,R-023 cluster
worlds smallest,Worlds Smallest,0,R-023 cluster
worx,Worx,0,R-023 cluster
wowwee,Wowwee,0,R-023 cluster
wtb,WTB,0,R-023 cluster
wunderbrow,Wunderbrow,0,R-023 cluster
wwe,WWE,0,R-023 cluster
x acto,X-Acto,0,R-023 cluster
x cosrack,Xcosrack,0,R-023 cluster
x rocker,X Rocker,0,R-023 cluster
x shot,XSHOT,0,R-023 cluster
xacto,X-Acto,0,R-023 cluster
xcosrack,Xcosrack,0,R-023 cluster
xlsxexcl,Xlsxexcl,0,R-023 cluster
xox kweenie,XOX Kweenie,0,R-023 cluster
xpcare,Xpcare,0,R-023 cluster
xpower,XPOWER,0,R-023 cluster
xprt fitness,Xprt Fitness,0,R-023 cluster
xramfy,XRAMFY,0,R-023 cluster
xrocker,X Rocker,0,R-023 cluster
xshot,XSHOT,0,R-023 cluster
xterra,XTERRA,0,R-023 cluster
xtmyi,Xtmyi,0,R-023 cluster
xtremepowerus,Xtremepowerus,0,R-023 cluster
yard max,YARDMAX,0,R-023 cluster
yardmax,YARDMAX,0,R-023 cluster
yasonic,Yasonic,0,R-023 cluster
ycfun,YCFUN,0,R-023 cluster
yesfashion,YesFashion,0,R-023 cluster
yestbuy,Yestbuy,0,R-023 cluster
yeti,YETI,0,R-023 cluster
yitahome,Yitahome,0,R-023 cluster
yorwhin,YORWHIN,0,R-023 cluster
yotache,yotache,0,R-023 cluster
youcopia,Youcopia,0,R-023 cluster
youngstex,YoungsTex,0,R-023 cluster
youthefan,YouTheFan,0,R-023 cluster
yssoa,Yssoa,0,R-023 cluster
yu gi oh,Yugioh!,0,R-023 cluster
yuande,Yuande,0,R-023 cluster
yueyin,YUEYIN,0,R-023 cluster
yugioh,Yugioh!,0,R-023 cluster
yuma s,Yuma's,0,R-023 cluster
yume,YuMe,0,R-023 cluster
z grills,Z Grills,0,R-023 cluster
z man games,Z-Man Games,0,R-023 cluster
zagg,Zagg,0,R-023 cluster
zak,ZAK,0,R-023 cluster
zak designs,Zak Designs,0,R-023 cluster
zearna,ZEARNA,0,R-023 cluster
zeemart,Zeemart,0,R-023 cluster
zefal,ZEFAL,0,R-023 cluster
zeiss,ZEISS,0,R-023 cluster
zerowater,ZeroWater,0,R-023 cluster
zhats,ZHATS,0,R-023 cluster
zhuzhu,ZhuZhu,0,R-023 cluster
zippypaws,ZippyPaws,0,R-023 cluster
zipwall,ZipWall,0,R-023 cluster
zman games,Z-Man Games,0,R-023 cluster
zomake,ZOMAKE,0,R-023 cluster
zrjt,Zrjt,0,R-023 cluster
ztujo,Ztujo,0,R-023 cluster
zulu,Zulu,0,R-023 cluster
zuru,ZURU,0,R-023 cluster
zuru smashers,Zuru Smashers,0,R-023 cluster
