Category,Subcategory,ASIN,Item Description,Qty,Unit Retail,Ext. Retail,Product Class,GL Description,Seller Category,EAN,LPN,UPC,Brand,Condition,Pallet ID,Lot ID
BUILDING_AND_HARDWARE,Home Improvement,B0CJFRJWLV,"LEDIARY 22in Enclosed Ceiling Fans with Lighst and Remote, Black Modern Bladeless Ceiling Fan with Bright Light, Led Flush Mount Ceiling Fan for Bedroom, Living Room, Kid Room(6 Speeds, 3000-6000K)",1,132.59,132.59,Home Improvement,Home Improvement,Home Improvement,,LPNNA6HSJ9GGL,,LEDIARY,USED_GOOD,LIQ:3PL:PALLET:LNRM:PAL-68861,AMZ_3PL_20260409_025
BUILDING_AND_HARDWARE,Ceiling Fans & Ventilation,B0FB2XJ7MX,"Merexcint Farmhouse Rustic Ceiling Fan with Light and Remote, 21 Inch Flush Mount Vintage Bladeless Rustic Chandeliers Fan, Rustic Ceiling Fan for Living Room, Bedroom, Hallway, Entryway Lighting",1,233.99,233.99,Home Improvement,Home Improvement,Lighting & Fans,0645707959505,LPNNA6RPWS6TL,645707959505,Merexcint,USED_GOOD,LIQ:3PL:PALLET:LNRM:PAL-69172,AMZ_3PL_20260409_025
BUILDING_AND_HARDWARE,Parts and Repair,B0CZ3NBB7G,"Urinal Partition,Bathroom Partition,Toilet Protection Divider,Wall-Mounted Urinal Screen Toilet Partition for Hotel,Schools,Shopping Malls Public Places,3 PCS,Black",1,167.32,167.32,Home Improvement,Home Improvement,Rough Plumbing,,LPNNA6L181XM4,,YAGEANNL,USED_GOOD,LIQ:3PL:PALLET:LNRM:PAL-69739,AMZ_3PL_20260409_025
BUILDING_AND_HARDWARE,Bath Hardware,B089FBJ1LY,"Nolimas Brushed Nickel Bath Towel Bar Single Bars Towel Rack Rod Classic Wall Mounted SUS304 Stainless Steel Bathroom Towel Holder Toilet Kitchen Towel Shelf Single Layer,24 inches",1,20.79,20.79,Home Improvement,Home Improvement,Plumbing Fixtures,0769891664950,LPNNA6SMC83ZB,769891664950,Nolimas,USED_GOOD,LIQ:3PL:PALLET:LNRM:PAL-69638,AMZ_3PL_20260409_025
BUILDING_AND_HARDWARE,Tub and Shower Faucets and Accessories,B0FVWQP53M,"White Recessed Ceiling Curtain Track 5'/ 7'/ 10'/ 12'/ 14', Ultra-Thin Silent Aluminum Curtain Rail for Bedroom Room/Bay Window/Hotel - Drop Ceiling Hidden Curtain Tracks (without Curtains & Hooks)",1,84.49,84.49,Home Improvement,Home Improvement,Plumbing Fixtures,,LPNNA674F1RDR,,LBMBMO,USED_GOOD,LIQ:3PL:PALLET:LNRM:PAL-69302,AMZ_3PL_20260409_025
BUILDING_AND_HARDWARE,Kitchen Faucets and Accessories,B089YVZ8HQ,"Serene Valley Sink Bottom Grid 24-1/8"" x 12-5/8"", Centered Drain with Corner Radius 1-1/2"", Sink Protector NLW2412C",1,33.42,33.42,Home Improvement,Home Improvement,Plumbing Fixtures,0744702737214,LPNNA6W3TD916,744702737214,Serene Valley,USED_GOOD,LIQ:3PL:PALLET:LNRM:PAL-69131,AMZ_3PL_20260409_025
BUILDING_AND_HARDWARE,Roofing,B0FPR81SZ8,"Return Air Filter Grille 18x18,Air Return Vent Cover for 18""W x 18""H Duct Opening,Steel HVAC Vent Covers for Wall and Ceiling,Holds 1"" Thick AC Filter",1,64.99,64.99,Home Improvement,Home Improvement,Building Materials & Ladders,,LPNNA6SYWTCDZ,,EXCELFU,USED_GOOD,LIQ:3PL:PALLET:LNRM:PAL-69131,AMZ_3PL_20260409_025
BUILDING_AND_HARDWARE,Home Improvement,B0DBHQPN9V,"AIJIASI Bathroom Light Fixtures, 4-Light Brushed Gold Bathroom Vanity Lights Over Mirror, 30.7 Inch Modern Vanity Lighting with Milky White Glass Globe Shade Wall Sconce Lighting Bath",1,155.99,155.99,Home Improvement,Home Improvement,Home Improvement,,LPNNA6XJQCF11,,AIJIASI,USED_GOOD,LIQ:3PL:PALLET:LNRM:PAL-68861,AMZ_3PL_20260409_025
BUILDING_AND_HARDWARE,Solar Lighting,B0CR69PWYV,"Kalium Outdoor Post Lights, 3 Light Lamp Post Light Fixture Hardwired with Clear Beveled Glass, 23"" Large Waterproof Lamp Pillar Fixtures for Yard Pathway Porch Patio 60W Matte Black",1,163.79,163.79,Home Improvement,Home Improvement,Lighting & Fans,,LPNNA6TSKR2KH,,Kalium,USED_GOOD,LIQ:3PL:PALLET:LNRM:PAL-69669,AMZ_3PL_20260409_025
BUILDING_AND_HARDWARE,Toilet Seats and Bidet Seats,B09BQL4YKG,"SS114 Toilet Seat Replacement Compatible with TOTO, Elongated Soft Close Toilet Seat for SS113/SS154/SS204/SS214/SS224, Transitional Heavy Duty Oval Toilet Seats, 2-Pack Toilet Bolts and Nuts, White",1,70.32,70.32,Home Improvement,Home Improvement,Plumbing Fixtures,,LPNNA6T8HPV2Q,,Hygie Rinse,USED_GOOD,LIQ:3PL:PALLET:LNRM:PAL-68861,AMZ_3PL_20260409_025
BUILDING_AND_HARDWARE,Toilet Seats and Bidet Seats,B0F3HWRKPW,"Aünsffer Raised Toilet Seat Bidet 2.91in, Elongated Bidet Toilet Seat, 3 Wash Mode, Soft Close & Quick Release, no Electric, Adjustable Anti-Slip Pad, Home/Commercial Use for Senior, 18.5inch, White",1,102.49,102.49,Home Improvement,Home Improvement,Plumbing Fixtures,,LPNNA6TTQB29P,,Aünsffer,USED_GOOD,LIQ:3PL:PALLET:LNRM:PAL-69739,AMZ_3PL_20260409_025
MIXED_BUILDING_AND_INDUSTRIAL,Janitorial Equipment,B0GQ3ZDBYJ,"TONYINGO 30 FT Reach Solar Panel Cleaning Brush Kit with 5-24 FT Telescopic Extension Pole, Water Fed Pole with Dual Action Flip-Lock & Screw Fixing Design, Ideal for Snow Removal, Windows, Boats, RVs",1,142.99,142.99,Home Improvement,BISS,Janitorial & Sanitation,0750872343025,LPNNK5X51R5PG,750872343025,TONYINGO,USED_GOOD,LIQ:3PL:PALLET:LNRM:PAL-69638,AMZ_3PL_20260409_025
BUILDING_AND_HARDWARE,LEDs,B07Q4HQW5M,"Energetic 60W Equivalent, A19 LED Light Bulb, 3000K Warm White, E26 Medium Base, Non-Dimmable LED Light Bulb, 8W 760LM, ETL Listed, 4 Pack",1,12.99,12.99,Home Improvement,Home Improvement,Light Bulbs,0822985521741,LPNNA6M9C6ZFF,822985521741,E ENERGETIC LIGHTING,USED_GOOD,LIQ:3PL:PALLET:LNRM:PAL-69699,AMZ_3PL_20260409_025
BUILDING_AND_HARDWARE,Home Improvement,B0G38BBVKH,"24 Inch Linear Shower Drain - Matte Black 304 Stainless Steel Rectangular Floor Drain with Adjustable Leveling Feet, Hair Strainer and Removable Grate",1,74.09,74.09,Home Improvement,Home Improvement,Home Improvement,0750961758259,LPNNA6J8LDV16,750961758259,kuaisailsk,USED_GOOD,LIQ:3PL:PALLET:LNRM:PAL-68861,AMZ_3PL_20260409_025
BUILDING_AND_HARDWARE,Heating & Accessories,B07588783V,"HVAC Premium 32 x 16 Duct Opening Steel Return Air Filter Grille, for 1-inch Filter, Removable Door, Flat Stamped HVAC Vent Cover Grille, Outer Dimensions 34.5 x 18.5",1,127.43,127.43,Home Improvement,Home Improvement,Electrical & Heating,0810116313686,LPNNA6Q15NLFW,810116313686,HVAC Premium,USED_GOOD,LIQ:3PL:PALLET:LNRM:PAL-69644,AMZ_3PL_20260409_025
MIXED_BUILDING_AND_INDUSTRIAL,Material Handling Other,B0FVWPWK4C,"Chalixion Incubators for Hatching Eggs 120, Chicken Egg Incubator with Automatic Egg Turning and Humidity Display, Temperature Control with 5 Automatic Incubation Modes, Incubation Day Counter",1,197.60,197.60,Home Improvement,BISS,Material Handling,,LPNNA6HMFMFXJ,,Chalixion,USED_GOOD,LIQ:3PL:PALLET:LNRM:PAL-69856,AMZ_3PL_20260409_025
BUILDING_AND_HARDWARE,Home Improvement,B0CJR5TWZB,"Untrammelife Glass Gold Pendant Light 1-Light 9"" Globe Ceiling Lighting Modern Hanging Light Fixture with Hammered Glass Gold Chandelier Adjustable Chain Brushed Brass Finished",1,137.79,137.79,Home Improvement,Home Improvement,Home Improvement,,LPNNA6JZY76HN,,Untrammelife,USED_GOOD,LIQ:3PL:PALLET:LNRM:PAL-69669,AMZ_3PL_20260409_025
BUILDING_AND_HARDWARE,Lamps,B0FFH9TRFW,"Liliful 8 Pcs Cordless Table Lamp Rechargeable Touch LED Small Gold Portable Battery Operated USB-c Desk Lamp 3 Color Dimmable for Bedroom Living Room Dining (Gold,Rose Style)",1,179.39,179.39,Home Improvement,Home Improvement,Lighting & Fans,,LPNNA6MWDW3JY,,Liliful,USED_GOOD,LIQ:3PL:PALLET:LNRM:PAL-69648,AMZ_3PL_20260409_025
BUILDING_AND_HARDWARE,Tub and Shower Faucets and Accessories,B0CP1Q52HD,"Neodrain Shower Niche, 18""X12"" Matte Black Wall Niche Waterproof, Stainless Steel Wall Cabinet with 3000K LED Light, NO Tile Needed Recessed Niches for Bathroom Over Mount Installation in wall",1,157.37,157.37,Home Improvement,Home Improvement,Plumbing Fixtures,,LPNNA6VNLW3M6,,Neodrain,USED_GOOD,LIQ:3PL:PALLET:LNRM:PAL-68868,AMZ_3PL_20260409_025
BUILDING_AND_HARDWARE,Decor & Coverings,B0BBM9X93C,"Abyssaly 35.4"" x 118"" Black Silk Wallpaper Peel and Stick Embossed Self Adhesive Black Contact Paper Removable Kitchen Vinyl Textured Wall Paper Cabinet Furniture Shelf Liner",1,61.02,61.02,Home Improvement,Home Improvement,Painting Supplies,,LPNNA68L8G97Z,,Abyssaly,USED_GOOD,LIQ:3PL:PALLET:LNRM:PAL-69302,AMZ_3PL_20260409_025
MIXED_BUILDING_AND_INDUSTRIAL,BISS,B0DG4QH1CL,"Pangda Peel and Stick Wall Molding Kit, 3D Premade Accent Molding Wainscoting Panel for Interior Wall Moulding Decor, Ready to Assemble Wainscoting Accent Panel (3 Set,39 x 63 in+39 x 28 in)",1,88.39,88.39,Home Improvement,BISS,BISS,,LPNNA6TFYZHQ3,,Pangda,USED_GOOD,LIQ:3PL:PALLET:LNRM:PAL-69644,AMZ_3PL_20260409_025
BUILDING_AND_HARDWARE,Home Improvement,B0DFCJCZL7,"6 Pack String Light Poles for Outside, Thickened Metal Lights Hanger Pole Outdoor with Fork, Lighting Hanging Post Accessories for Patio Decor Garden Backyard Yard Front Porch Outside Decorations",1,90.99,90.99,Home Improvement,Home Improvement,Home Improvement,0767119731712,LPNNA6F8FJGF8,767119731712,Fussion,USED_GOOD,LIQ:3PL:PALLET:LNRM:PAL-69739,AMZ_3PL_20260409_025
MIXED_BUILDING_AND_INDUSTRIAL,BISS,B0CZ768ZKM,"8-Stage Gravity Water Filtration System 3.0 Gallon-304 Stainless Steel Countertop System with 4 Filters and StandReduce 99.9% Chlorine, NSF/ANS 42 Certifcation",1,142.99,142.99,Home Improvement,BISS,BISS,0701845469235,LPNNA6F7MX84L,701845469235,IceJoy,USED_GOOD,LIQ:3PL:PALLET:LNRM:PAL-69856,AMZ_3PL_20260409_025
BUILDING_AND_HARDWARE,Windows,B0FCLN2F1D,"Lazblinds Upgraded Top Down Bottom Up (TDBU) Honeycomb Blinds, No Drill No Tools Easy Install Cordless Cellular Shades for Windows 22.5"" W x 64"" H, White - Light Filtering",1,57.45,57.45,Home Improvement,Home Improvement,Building Materials & Ladders,,LPNNA6Q3PGSTC,,LazBlinds,USED_GOOD,LIQ:3PL:PALLET:LNRM:PAL-68867,AMZ_3PL_20260409_025
BUILDING_AND_HARDWARE,Home Improvement,B0D6Z571F6,"Bargeni Semi Flush Mount Ceiling Light Fixture,16 inch Drum Flush Mount Ceiling Light,Modern Light Fixtures Ceiling Mount with Oil Rubbed Bronze Finish,Semi Flush Ceiling Light for Bedroom,Living Room",1,77.34,77.34,Home Improvement,Home Improvement,Home Improvement,0616050595931,LPNNA6XWFDYTX,616050595931,Bargeni,USED_GOOD,LIQ:3PL:PALLET:LNRM:PAL-69644,AMZ_3PL_20260409_025
BUILDING_AND_HARDWARE,Resilient Flooring,B0CJ2FJZTC,Drydiet 54 Sqft Uncoupling Membrane for Tile 1/8''(3mm) Thick Waterproofing Membrane Crack Prevention Anti Fracture Flooring Underlayment for Bathroom Shower Kitchen Basement (Orange),1,107.89,107.89,Home Improvement,Home Improvement,Flooring,,LPNNA6N12V9B5,,Drydiet,USED_GOOD,LIQ:3PL:PALLET:LNRM:PAL-68867,AMZ_3PL_20260409_025
BUILDING_AND_HARDWARE,Outdoor & Landscape Lighting,B0DHCXTWZV,"Ptsuker String Light Poles for Outdoor String Lights - Metal Light Pole w/Hooks for Outdoor String Lighting - Patio Light Accessories Ideal for Backyard, Weddings, and Parties",1,22.84,22.84,Home Improvement,Home Improvement,Lighting & Fans,,LPNNA69JKCYRK,,Ptsuker,USED_GOOD,LIQ:3PL:PALLET:LNRM:PAL-69638,AMZ_3PL_20260409_025
BUILDING_AND_HARDWARE,Ladder Accessories,B0D1R19DXY,"Taranta 3 Step Ladder,Aluminum Lightweight Folding 3 Step Stool with Anti-Slip Wide Pedal, 330lbs Capacity Step Ladder for Household,Kitchen,Office - BlackWoodgrain",1,77.97,77.97,Home Improvement,Home Improvement,Building Materials & Ladders,0796520596672,LPNNA6PPXTQ4Z,796520596672,taranta,USED_GOOD,LIQ:3PL:PALLET:LNRM:PAL-68868,AMZ_3PL_20260409_025
BUILDING_AND_HARDWARE,Home Improvement,B0GD25F291,"Littleglovo 15.7"" Modern Flush Mount LED Chandelier for Dining Room, Dimmable Natural Wood Petal Energy Chandeliers Ceiling Light for Entryway Bedroom Foyer Kitchen Living Room Bathroom",1,141.54,141.54,Home Improvement,Home Improvement,Home Improvement,,LPNNA66HGSS5S,,Littleglovo,USED_GOOD,LIQ:3PL:PALLET:LNRM:PAL-68867,AMZ_3PL_20260409_025
BUILDING_AND_HARDWARE,Interior Lights,B0FS1RZW8J,"ELYCCUPA 9” Chrome Seeded Glass Pendant Light Modern 1 Light Single Dome Pendent Lighting Fixtures for Kitchen Island Dining Room Hallway, UL Listed",1,111.14,111.14,Home Improvement,Home Improvement,Lighting & Fans,,LPNNA6F69XX8Z,,ELYCCUPA,USED_GOOD,LIQ:3PL:PALLET:LNRM:PAL-69648,AMZ_3PL_20260409_025
BUILDING_AND_HARDWARE,Home Improvement,B0DMF61PQM,"JAYMP Dining Room Modern Pendant Lighting Dimmable LED Disk Light Adjustable Height Kitchen Island Hanging Light Fixture (White, Dia 19.7 inch)",1,176.79,176.79,Home Improvement,Home Improvement,Home Improvement,,LPNNA6GJM2Y14,,JAYMP,USED_GOOD,LIQ:3PL:PALLET:LNRM:PAL-69742,AMZ_3PL_20260409_025
BUILDING_AND_HARDWARE,Fasteners & Hooks,B0F8BNCMHR,"DIY DECK Post Anchor Connector Stainless Steel Beam Anchor Connector Post Base Bracket (4, P6x6-B(4x4/4x6))",1,180.70,180.70,Home Improvement,Home Improvement,Hardware,,LPNNA6QHCGQ8V,,DIY DECK,USED_GOOD,LIQ:3PL:PALLET:LNRM:PAL-68867,AMZ_3PL_20260409_025
BUILDING_AND_HARDWARE,Flooring Supplies,B0DRPHP3D9,"4500 Pcs Tile Leveling System Clips 1/32"" (1.0mm) for Ceramic Tile and Stone Installation - DIY Tile Leveler Spacers Kit for Perfect Alignment(4500, 1/32)",1,89.57,89.57,Home Improvement,Home Improvement,Flooring,,LPNNA63PVG148,,HRGGN,USED_GOOD,LIQ:3PL:PALLET:LNRM:PAL-69745,AMZ_3PL_20260409_025
BUILDING_AND_HARDWARE,Home Improvement,B0DBZGRRJS,Bagood 10 Inch Globe Pendant Light Contemporary Globe Pendant Lights Black Mid Century Pendant Light Adjustable Hanging Light Fixture Matte Black Finished with Milk Glass Lampshade for Kitchen Island,1,103.99,103.99,Home Improvement,Home Improvement,Home Improvement,,LPNNK5FXMSC79,,Bagood,USED_GOOD,LIQ:3PL:PALLET:LNRM:PAL-69699,AMZ_3PL_20260409_025
BUILDING_AND_HARDWARE,Extension Ladders,B0G1YG8FLY,"SINMEIRUN 16.5 FT Telescoping A Frame Ladder, 8 Step, ANSI Certified, Type IA Heavy Duty, 330lbs Max Capacity, Aluminum Extension Ladder for Home, Roof, RV; Orange",1,259.99,259.99,Home Improvement,Home Improvement,Building Materials & Ladders,0717639176036,LPNNA6817HVVD,717639176036,SINMEIRUN,USED_GOOD,LIQ:3PL:PALLET:LNRM:PAL-69644,AMZ_3PL_20260409_025
BUILDING_AND_HARDWARE,Home Improvement,B0D9W5W2WY,"Folding Hand Truck, Dolly Cart with Wheels Foldable, Lightweight Aluminum Luggage Cart Portable Collapsible Trolly for Utility Cart, Hand Trucks for Moving Travel Shopping Airport Office",1,51.99,51.99,Home Improvement,Home Improvement,Home Improvement,0797422733271,LPNNA67H1DKC8,797422733271,SERVOMASTER,USED_GOOD,LIQ:3PL:PALLET:LNRM:PAL-69372,AMZ_3PL_20260409_025
MIXED_BUILDING_AND_INDUSTRIAL,3D Printers,B0CSDB9QTF,"QIDI Q1 Pro 3D Printer, 600mm/s High-Speed Fully Auto Leveling 3D Printers with Camera, 60℃ Chamber Heat, 350°C Print Support Carbon Fiber Filament, Tangle Detection, Printing Size 9.65""x9.65""x9.45""",1,583.70,583.70,Home Improvement,BISS,Additive Manufacturing,,LPNNA6QWBDGZJ,,R QIDI TECHNOLOGY,USED_GOOD,LIQ:3PL:PALLET:LNRM:PAL-69661,AMZ_3PL_20260409_025
BUILDING_AND_HARDWARE,Decor & Coverings,B0FF9XC5TK,Haimin Wall Panels Peel and Stick 10 Pieces 23.6x11.8in (19.4 Sq. Ft. Coverage) Lightweight Backsplash Marble Look Tile (not Real Marble) Ideal for Kitchen Bathrooms Living Rooms Bedrooms,1,49.39,49.39,Home Improvement,Home Improvement,Painting Supplies,,LPNNA6VV8F1LC,,Haimin,USED_GOOD,LIQ:3PL:PALLET:LNRM:PAL-69699,AMZ_3PL_20260409_025
BUILDING_AND_HARDWARE,Chandeliers,B0G294XP57,"ZXFDWB Gold Modern Sputnik Chandelier for Dining Room Light Fixture, 6-Light Mid Century Pendant with Frosted Glass Shades Globe, Adjustable Hanging Celling Light for Kitchen Island, Living Room",1,246.99,246.99,Home Improvement,Home Improvement,Lighting & Fans,,LPNNA6B67MZ9C,,ZXFDWB,USED_GOOD,LIQ:3PL:PALLET:LNRM:PAL-68868,AMZ_3PL_20260409_025
BUILDING_AND_HARDWARE,Interior Lights,B0D1R1Z1KV,IDEQUY Modern LED Gold Ring Chandelier Dimmable Gold Crystal Ring Pendant Light Adjustable Round Crystal Chandelier Light for Dining Room Living Room 15.7in,1,195.00,195.00,Home Improvement,Home Improvement,Lighting & Fans,,LPNNA6BDSTBS7,,IDEQUY,USED_GOOD,LIQ:3PL:PALLET:LNRM:PAL-68868,AMZ_3PL_20260409_025
BUILDING_AND_HARDWARE,Home Improvement,B0CY87L2SY,"HTOH Gold Shower Drain, 24 Inch Linear Shower Drain with Removable Tile Insert Grate, 2 in 1 Bathroom Modern 304 Stainless Steel Brushed Gold Shower Floor Drain with Adjustable Feet,Hair Strainer",1,74.09,74.09,Home Improvement,Home Improvement,Home Improvement,,LPNNA6KCGG4K2,,HTOH,USED_GOOD,LIQ:3PL:PALLET:LNRM:PAL-69644,AMZ_3PL_20260409_025
BUILDING_AND_HARDWARE,Home Improvement,B0DZGJW5P2,"Wooden Linear Pendant Light 47"" LED Pendant Light Dimmable Pool Table Island Lights Modern Linear Chandeliers for Dining Room Kitchen Ceiling Pendant Lamp for Dining Room Billiard Room Natural",1,183.68,183.68,Home Improvement,Home Improvement,Home Improvement,,LPNNA68F9PH1L,,QJCMUUYI,USED_GOOD,LIQ:3PL:PALLET:LNRM:PAL-69302,AMZ_3PL_20260409_025
BUILDING_AND_HARDWARE,Home Improvement,B0BZPBWBG3,"Brushed Nickel Shower Grab Bar w/Anti-Slip Knurled Grip 36 Inch, Zepolu Stainless Steel Bathroom Grab Bars, Safety Bar Balanced Handrail, Handicap Injury Elderly Senior Assist Support Shower Handle",1,51.99,51.99,Home Improvement,Home Improvement,Home Improvement,0717428027563,LPNNA6NKSJC9J,717428027563,Zepolu,USED_GOOD,LIQ:3PL:PALLET:LNRM:PAL-69849,AMZ_3PL_20260409_025
BUILDING_AND_HARDWARE,Ladder Accessories,B0FVX4X6V2,"JY PERFORMANCE RV Bunk Bed Ladder, 50 Inch Anti-Slip Bunk Ladder, Heavy Duty 330lbs Max Capacity, Extra Wide Foot Steps, Integrated Hooks for Camper Motorhome Trailer, Black",1,70.19,70.19,Home Improvement,Home Improvement,Building Materials & Ladders,0810178441006,LPNNA6T523XBX,810178441006,JY PERFORMANCE,USED_GOOD,LIQ:3PL:PALLET:LNRM:PAL-69131,AMZ_3PL_20260409_025
BUILDING_AND_HARDWARE,Home Improvement,B0DD7KV8QV,BvenuBigLite Outdoor Ceiling Fan with Light: 52 Inch 3 Blade Outdoor Fans for Patios - Modern Walnut Ceiling Fan with Dimmable Light Remote Control Ultra Quiet Reversible DC Motor Timer,1,116.99,116.99,Home Improvement,Home Improvement,Home Improvement,,LPNNA626ZK1FC,,BvenuBigLite,USED_GOOD,LIQ:3PL:PALLET:LNRM:PAL-69739,AMZ_3PL_20260409_025
MIXED_BUILDING_AND_INDUSTRIAL,Industrial Mats,B0DP8L838W,"71"" x 36"" (6' x 3') Indoor Outdoor Door Mat,Large Heavy Duty Entrance Doormat,Non-Slip Rubber Backing Low-Profile Welcome Entrance Mats for Entry, Brown",1,84.49,84.49,Home Improvement,BISS,Janitorial & Sanitation,,LPNNA67MCT3Z5,,MAKUANG,USED_GOOD,LIQ:3PL:PALLET:LNRM:PAL-69302,AMZ_3PL_20260409_025
BUILDING_AND_HARDWARE,Outdoor & Landscape Lighting,B0CXXJFWS2,"LightingLabs Led Bollard Landscape Lighting 20 Watts 40 Inch 3CCT 3000/4000/5000K 120-277V Outdoor Pathway Light Wired Ideal for Garden, Commercial and Driveway Rated IP65 ETL Listed",1,253.50,253.50,Home Improvement,Home Improvement,Lighting & Fans,0738941002288,LPNNA6NV6YV3L,738941002288,Lighting Labs,USED_GOOD,LIQ:3PL:PALLET:LNRM:PAL-69685,AMZ_3PL_20260409_025
BUILDING_AND_HARDWARE,Home Improvement,B0F36X3715,"Emak Black and Gold Pendant Lights Kitchen Island, 8 Inch Pendant Light Fixtures with Clear Glass Shade, Modern Farmhouse Island Lights for Kitchen, Dining Room, Bathroom, PL125-BKBGD-CG",1,100.09,100.09,Home Improvement,Home Improvement,Home Improvement,,LPNNA6KHBTVT7,,Emak,USED_GOOD,LIQ:3PL:PALLET:LNRM:PAL-69532,AMZ_3PL_20260409_025
BUILDING_AND_HARDWARE,Ceiling Fans & Ventilation,B0F6SHRTD3,"AHAWILL Low Profile Ceiling Fan with Light,19.29in Bladeless Ceiling Fan with Remote Control,Enclosed Flush Mount Fandelier,6 Wind Speed,Dimmable LED Lights,White,for Bedroom Dining Room",1,155.99,155.99,Home Improvement,Home Improvement,Lighting & Fans,,LPNNA672VLHXQ,,AHAWILL,USED_GOOD,LIQ:3PL:PALLET:LNRM:PAL-69745,AMZ_3PL_20260409_025
BUILDING_AND_HARDWARE,Home Improvement,B0FMDS6PWW,Depuley Ceiling Fan with Light and Remote: 52 Inch White 3 Blade Outdoor Fans for Patios - Dimmable Indoor Fan with Remote Control Fandelier Ceiling FansUltra Quiet DC Motor Reversible 6 Speed Timer,1,116.99,116.99,Home Improvement,Home Improvement,Home Improvement,,LPNNA66Q5SDW5,,Depuley,USED_GOOD,LIQ:3PL:PALLET:LNRM:PAL-69739,AMZ_3PL_20260409_025
