Item #,Seller Category,Item Description,Qty,Unit Retail,Ext. Retail,Brand,UPC,TCIN,Origin,Category,Condition,Product Class,Category Code,Division,Department,Optoro Condition,Pallet ID,Subcategory,Lot ID
LPJY786012,SMALL APPLIANCES,"Crock-Pot 2qt Manual Slow Cooker - Stainless Steel: 3 Settings, Reheat & Warmer, Stay-Cool Handles, Dishwasher-Safe Parts",3,17.99,53.97,Crock-Pot,053891143677,83360912,China,MIXED_SMALL_APPLIANCES,USED_GOOD,SMALL APPLIANCES & FLOOR CARE-01,72,KITCHEN,KITCHEN,N,PTBJ26196,SLOW COOKER,irc_small_appliances___floor_care-01_20260417_031_p
LPJY817665,SMALL APPLIANCES,"Aroma 4 Cup Pot Style Rice Cooker White: Nonstick, Stay-Cool Handles, 1 Setting, 250W, Includes Glass Lid & Manual",4,20.99,83.96,Aroma,021241003025,83648981,China,MIXED_SMALL_APPLIANCES,USED_GOOD,SMALL APPLIANCES & FLOOR CARE-01,72,KITCHEN,KITCHEN,N,PTBJ26196,RICE COOKER,irc_small_appliances___floor_care-01_20260417_031_p
LPHS441942,SMALL APPLIANCES,"Enhanced Replacement Water Filters for Pitchers 2pk - up & up: Compatible with Brita Pitchers, Filters Benzene & Mercury (Please be advised that sets may be missing pieces or otherwise incomplete.)",2,9.99,19.98,up&up,812501010989,14511038,United Kingdom of Great Britain and Northern Ireland,MIXED_SMALL_APPLIANCES,USED_GOOD,SMALL APPLIANCES & FLOOR CARE-01,72,KITCHEN,KITCHEN,N,PTBJ26196,PT FILTERS,irc_small_appliances___floor_care-01_20260417_031_p
LPJY792467,SMALL APPLIANCES,LifeStraw 18oz Go Series Water Filter Tumbler Aegean Sea,1,38.99,38.99,LifeStraw,7640144289188,93996877,"Korea, Republic of",MIXED_SMALL_APPLIANCES,NEW,SMALL APPLIANCES & FLOOR CARE-01,72,KITCHEN,HOME,N,PTBJ26196,WATER BOTTLES,irc_small_appliances___floor_care-01_20260417_031_p
LPHS989408,SMALL APPLIANCES,Nespresso Aeroccino Milk Frother Black,1,79.99,79.99,Nespresso,7630039649074,53678975,Switzerland,MIXED_SMALL_APPLIANCES,USED_GOOD,SMALL APPLIANCES & FLOOR CARE-01,72,KITCHEN,KITCHEN,N,PTBJ26196,FROTHER,irc_small_appliances___floor_care-01_20260417_031_p
LPHS434633,FLOORCARE,Sharper Image Dual Air Cordless Vacuum and Blower Purple,1,31.99,31.99,Sharper Image,840397511495,94239096,China,MIXED_SMALL_APPLIANCES,NEW,SMALL APPLIANCES & FLOOR CARE-01,329,OUTDOOR LIVING & ORGANIZED SPACES,LAUNDRY CLEANING AND CLOSET,N,PTBJ26196,HAND VACUUM,irc_small_appliances___floor_care-01_20260417_031_p
LPJY265888,SMALL APPLIANCES,"Dash 3-in-1 Everyday 7-Egg Cooker with Omelet Maker and Poaching - Black: Electric Egg Boiler, Hard Boiled & Poaching",3,19.99,59.97,Dash,856007008286,53731036,China,MIXED_SMALL_APPLIANCES,USED_GOOD,SMALL APPLIANCES & FLOOR CARE-01,72,KITCHEN,KITCHEN,N,PTBJ26196,EGG COOKER,irc_small_appliances___floor_care-01_20260417_031_p
LPHS638347,SMALL APPLIANCES,"Chefman 1L Rapid-Boil Kettle with Automatic Shutoff - Black: Glass Electric Water Boiler & Warmer, 1500W Tea Heater",4,17.99,71.96,Chefman,810087844677,89182727,China,MIXED_SMALL_APPLIANCES,USED_GOOD,SMALL APPLIANCES & FLOOR CARE-01,72,KITCHEN,KITCHEN,N,PTBJ26196,ELECTRIC KETTLES,irc_small_appliances___floor_care-01_20260417_031_p
LPJY803118,SMALL APPLIANCES,"Kaffe Frothing Pitcher Dark Brushed Stainless Steel: Milk Frothing Pitcher, Coffee & Espresso Accessories, Stainless Steel Finish",1,13.69,13.69,Kaffe,860010435199,91670169,China,MIXED_SMALL_APPLIANCES,NEW,SMALL APPLIANCES & FLOOR CARE-01,72,KITCHEN,KITCHEN,N,PTBJ26196,ONLINE ONLY,irc_small_appliances___floor_care-01_20260417_031_p
LPHS546134,SMALL APPLIANCES,"Safe Home Lead in Drinking Water DIY Test Kit: EPA Standards Household Water Test, No Warranty",6,19.99,119.94,Safe Home,850000063273,91948392,United States of America,MIXED_SMALL_APPLIANCES,NEW,SMALL APPLIANCES & FLOOR CARE-01,72,KITCHEN,GARAGE & HARDWARE,N,PTBJ26196,NEW - ACCESSORIES,irc_small_appliances___floor_care-01_20260417_031_p
LPHS996777,SMALL APPLIANCES,"Chefman 1.8L Lightning Borosilicate Glass Electric Kettle: Stainless Steel Lid, 1750W, Hand Wash, Silver & Black Accents",4,44.99,179.96,Chefman,810087848552,91992759,China,MIXED_SMALL_APPLIANCES,NEW,SMALL APPLIANCES & FLOOR CARE-01,72,KITCHEN,KITCHEN,N,PTBJ26196,ELECTRIC KETTLES,irc_small_appliances___floor_care-01_20260417_031_p
LPJY926090,SMALL APPLIANCES,Disney Dash 2pk Moana & Pua Removable Plate for the MultiMaker Mini Maker System (Please be advised that sets may be missing pieces or otherwise incomplete.),19,9.74,185.06,Dash,810137395418,94620249,China,MIXED_SMALL_APPLIANCES,NEW,SMALL APPLIANCES & FLOOR CARE-01,72,KITCHEN,KITCHEN,N,PTBJ26196,WAFFLE MAKER,irc_small_appliances___floor_care-01_20260417_031_p
LPHS788982,SMALL APPLIANCES,"Mr. Coffee 5 Cup Switch Coffee Maker Black: Small Drip Coffee Machine, Electric, Paper Filter, 25 oz Capacity",2,21.99,43.98,Mr. Coffee,053891177313,91986267,China,MIXED_SMALL_APPLIANCES,USED_GOOD,SMALL APPLIANCES & FLOOR CARE-01,72,KITCHEN,KITCHEN,N,PTBJ26196,DRIP COFFEE MAKER,irc_small_appliances___floor_care-01_20260417_031_p
LPHS615020,SMALL APPLIANCES,"GE Appliances XWFE Replacement Refrigerator Water Filter: Filters Pharmaceuticals, Atrazine, Mercury, Lead, Pesticides",1,54.99,54.99,GE Appliances,084691851615,92678964,Mexico,MIXED_SMALL_APPLIANCES,USED_GOOD,SMALL APPLIANCES & FLOOR CARE-01,72,KITCHEN,KITCHEN,N,PTBJ26196,FRIDGE FILTERS,irc_small_appliances___floor_care-01_20260417_031_p
LPHS638294,SMALL APPLIANCES,"bella 2-Slice Slim Toaster Plum: Metal, 900W, 2-Year Warranty, Spot Clean, 6.85"" H, 3.58"" D, 14.88"" W, 1.98 lbs",2,24.99,49.98,bella Housewares,829486351648,93491179,China,MIXED_SMALL_APPLIANCES,USED_GOOD,SMALL APPLIANCES & FLOOR CARE-01,72,KITCHEN,KITCHEN,N,PTBJ26196,2 SLICE TOASTER,irc_small_appliances___floor_care-01_20260417_031_p
LPHS638447,SMALL APPLIANCES,"Keurig Non-Rolling 24ct Coffee Pod Storage Drawer: Black Metal K-Cup Organizer, Freestanding Kitchen Rack (Please be advised that sets may be missing pieces or otherwise incomplete.)",1,26.99,26.99,Keurig,611247369654,53205905,China,MIXED_SMALL_APPLIANCES,USED_GOOD,SMALL APPLIANCES & FLOOR CARE-01,72,KITCHEN,KITCHEN,N,PTBJ26196,SGL SERVE ACCESSOR,irc_small_appliances___floor_care-01_20260417_031_p
LPHS626276,SMALL APPLIANCES,Cuisinart 2.5oz Electric Coffee Grinder Black DCG-20BKN,1,24.99,24.99,Cuisinart,086279102720,82568681,China,MIXED_SMALL_APPLIANCES,USED_GOOD,SMALL APPLIANCES & FLOOR CARE-01,72,KITCHEN,KITCHEN,N,PTBJ26196,COFFEE GRINDER,irc_small_appliances___floor_care-01_20260417_031_p
LPJY957372,SMALL APPLIANCES,"Culligan CUW5 Replacement Whirlpool (EDR5RXD1) Refrigerator Water Filter 5: Filters Lead, Mercury, Chlorine, VOCs",1,23.99,23.99,Culligan,850031536043,92447861,Mexico,MIXED_SMALL_APPLIANCES,NEW,SMALL APPLIANCES & FLOOR CARE-01,72,KITCHEN,KITCHEN,N,PTBJ26196,FRIDGE FILTERS,irc_small_appliances___floor_care-01_20260417_031_p
LPHS243079,SMALL APPLIANCES,"Keurig My K-Cup 3.0 Reusable Coffee Filter, Eco-friendly Gray",2,9.99,19.98,Keurig,611247405246,94721510,Indonesia,MIXED_SMALL_APPLIANCES,USED_GOOD,SMALL APPLIANCES & FLOOR CARE-01,72,KITCHEN,KITCHEN,N,PTBJ26196,SGL SERVE ACCESSOR,irc_small_appliances___floor_care-01_20260417_031_p
LPJY713957,SMALL APPLIANCES,"Dash 3-in-1 Everyday 7-Egg Cooker with Omelet Maker and Poaching - Black: Electric Egg Boiler, Hard Boiled & Poaching",3,19.99,59.97,Dash,856007008286,53731036,China,MIXED_SMALL_APPLIANCES,NEW,SMALL APPLIANCES & FLOOR CARE-01,72,KITCHEN,KITCHEN,N,PTBJ26196,EGG COOKER,irc_small_appliances___floor_care-01_20260417_031_p
LPHS250550,FLOORCARE,BISSELL Multi-Surface 34451 with Febreze Original Gain Formula Navy Blue,1,18.99,18.99,BISSELL,011120267679,90571415,United States of America,MIXED_SMALL_APPLIANCES,USED_GOOD,SMALL APPLIANCES & FLOOR CARE-01,329,OUTDOOR LIVING & ORGANIZED SPACES,LAUNDRY CLEANING AND CLOSET,N,PTBJ26196,CLEANER/SHAMPOO,irc_small_appliances___floor_care-01_20260417_031_p
LPHS546078,SMALL APPLIANCES,Dash MultiMaker Mini Waffle Maker System with 6 Removeable Holiday Plates,1,21.99,21.99,Dash,810137391625,91134596,China,MIXED_SMALL_APPLIANCES,USED_GOOD,SMALL APPLIANCES & FLOOR CARE-01,72,KITCHEN,KITCHEN,N,PTBJ26196,WAFFLE MAKER,irc_small_appliances___floor_care-01_20260417_031_p
LPHS635416,SMALL APPLIANCES,Bodum Schiuma Milk Frother - Red,2,9.99,19.98,Bodum,699965646837,94818076,China,MIXED_SMALL_APPLIANCES,NEW,SMALL APPLIANCES & FLOOR CARE-01,72,KITCHEN,KITCHEN,N,PTBJ26196,FROTHER,irc_small_appliances___floor_care-01_20260417_031_p
LPHS715985,SMALL APPLIANCES,"Brita Replacement Water Filters for Brita Water Pitchers and Dispensers - 4ct: Reduces Odors, 2-Month Filter Life (Please be advised that sets may be missing pieces or otherwise incomplete.)",1,20.99,20.99,Brita,060258424324,10997227,Canada,MIXED_SMALL_APPLIANCES,NEW,SMALL APPLIANCES & FLOOR CARE-01,72,KITCHEN,KITCHEN,N,PTBJ26196,PT FILTERS,irc_small_appliances___floor_care-01_20260417_031_p
LPJY794489,SMALL APPLIANCES,LifeStraw Home Activated Carbon + Ion Exchange Replacement Filter 1pk (Please be advised that sets may be missing pieces or otherwise incomplete.),8,16.99,135.92,LifeStraw,7640144284558,93996861,"Korea, Republic of",MIXED_SMALL_APPLIANCES,NEW,SMALL APPLIANCES & FLOOR CARE-01,72,KITCHEN,KITCHEN,N,PTBJ26196,PT FILTERS,irc_small_appliances___floor_care-01_20260417_031_p
LPHS702641,SMALL APPLIANCES,"SodaStream Mountain Dew Zero Drink Mix - 14.9 fl oz: Citrus Liquid Concentrate, Kosher, Soda Streamer Flavor",1,6.49,6.49,SodaStream,810055455133,90549254,Israel,MIXED_SMALL_APPLIANCES,USED_GOOD,SMALL APPLIANCES & FLOOR CARE-01,72,KITCHEN,GROCERY,N,PTBJ26196,SODASTREAM ACCESSO,irc_small_appliances___floor_care-01_20260417_031_p
LPJY223833,SMALL APPLIANCES,"Bodum C-Mill Electric Coffee Grinder: Best Rated for Coffee Beans & Spices, Stainless Steel Blade, 1-Year Warranty",1,14.99,14.99,Bodum,727015318677,89080390,China,MIXED_SMALL_APPLIANCES,NEW,SMALL APPLIANCES & FLOOR CARE-01,72,KITCHEN,KITCHEN,N,PTBJ26196,COFFEE GRINDER,irc_small_appliances___floor_care-01_20260417_031_p
LPJN542643,SMALL APPLIANCES,"Gourmia Reusable 3pc Silicone Air Fryer Accessory Set with Basket Liner, Egg Bites Mold & Muffin Pan: Dishwasher-Safe, Hand Wash, Black, 1.49 lbs (Please be advised that sets may be missing pieces or otherwise incomplete.)",1,19.99,19.99,Gourmia,810002866302,92084777,China,MIXED_SMALL_APPLIANCES,NEW,SMALL APPLIANCES & FLOOR CARE-01,72,KITCHEN,KITCHEN,N,PTBJ26196,UTILITY APPLIANCES,irc_small_appliances___floor_care-01_20260417_031_p
LPHS171514,SMALL APPLIANCES,"IMUSA 34oz Electric Citrus Juicer, 25 Watts - White: Lemon Juice Maker, Plastic, 90-Day Warranty, 2.3 lbs, No Speeds",1,14.99,14.99,IMUSA,094046803404,54634971,China,MIXED_SMALL_APPLIANCES,NEW,SMALL APPLIANCES & FLOOR CARE-01,72,KITCHEN,KITCHEN,N,PTBJ26196,JUICER,irc_small_appliances___floor_care-01_20260417_031_p
LPJY957373,SMALL APPLIANCES,"Culligan CUW4 Replacement Whirlpool (EDR4RXD1/WHR4RXD1/KAD4RXD1) Refrigerator Water Filter 4: Filters Odors, Lead, Chlorine",1,25.49,25.49,Culligan,850031536036,92447870,Mexico,MIXED_SMALL_APPLIANCES,USED_GOOD,SMALL APPLIANCES & FLOOR CARE-01,72,KITCHEN,KITCHEN,N,PTBJ26196,FRIDGE FILTERS,irc_small_appliances___floor_care-01_20260417_031_p
LPHS554869,SMALL APPLIANCES,Mr. Coffee 12-Cup Automatic Blade Mill Grinder - Black,11,35.99,395.89,Mr. Coffee,053891154819,81615453,China,MIXED_SMALL_APPLIANCES,NEW,SMALL APPLIANCES & FLOOR CARE-01,72,KITCHEN,KITCHEN,N,PTBJ26196,COFFEE GRINDER,irc_small_appliances___floor_care-01_20260417_031_p
LPJY551350,SMALL APPLIANCES,Bodum Schiuma Milk Frother - White,1,9.99,9.99,Bodum,699965181796,94818075,China,MIXED_SMALL_APPLIANCES,USED_GOOD,SMALL APPLIANCES & FLOOR CARE-01,72,KITCHEN,KITCHEN,N,PTBJ26196,FROTHER,irc_small_appliances___floor_care-01_20260417_031_p
LPJY792539,SMALL APPLIANCES,Chefman 6 Cup Rice Cooker,3,24.99,74.97,Chefman,810170924637,94764200,China,MIXED_SMALL_APPLIANCES,USED_GOOD,SMALL APPLIANCES & FLOOR CARE-01,72,KITCHEN,KITCHEN,N,PTBJ26196,RICE COOKER,irc_small_appliances___floor_care-01_20260417_031_p
LPJY803930,SMALL APPLIANCES,"Bodum Kenya 8 Cup 34oz French Press Coffee Maker Pink: Manual Coffee Pot, BPA-Free, Dishwasher-Safe, Reusable Filter",1,14.99,14.99,Bodum,699965617196,91920643,Portugal,MIXED_SMALL_APPLIANCES,NEW,SMALL APPLIANCES & FLOOR CARE-01,72,KITCHEN,KITCHEN,N,PTBJ26196,COFFEE PRESS,irc_small_appliances___floor_care-01_20260417_031_p
LPJY927258,SMALL APPLIANCES,"Bodum 8 Cup 34oz Pour Over Coffee Maker: Permanent Screen Filter, Cool Touch Handle, Dishwasher Safe",1,19.99,19.99,Bodum,699965336820,53664362,Portugal,MIXED_SMALL_APPLIANCES,USED_GOOD,SMALL APPLIANCES & FLOOR CARE-01,72,KITCHEN,KITCHEN,N,PTBJ26196,COFFEE PRESS,irc_small_appliances___floor_care-01_20260417_031_p
LPJY741259,SMALL APPLIANCES,"Chefman 1.8L Lightning Borosilicate Glass Electric Kettle: Stainless Steel Lid, 1750W, Hand Wash, Silver & Black Accents",1,44.99,44.99,Chefman,810087848552,91992759,China,MIXED_SMALL_APPLIANCES,SALVAGE,SMALL APPLIANCES & FLOOR CARE-01,72,KITCHEN,KITCHEN,N,PTBJ26196,ELECTRIC KETTLES,irc_small_appliances___floor_care-01_20260417_031_p
LPJY792475,SMALL APPLIANCES,IMUSA 5 Cup Rice Cooker White,1,22.99,22.99,IMUSA,094046003125,94138288,China,MIXED_SMALL_APPLIANCES,NEW,SMALL APPLIANCES & FLOOR CARE-01,72,KITCHEN,KITCHEN,N,PTBJ26196,RICE COOKER,irc_small_appliances___floor_care-01_20260417_031_p
LPHS602778,SMALL APPLIANCES,Cuisinart Classic Waffle Maker - Stainless Steel,2,37.99,75.98,Cuisinart,086279245984,94139350,China,MIXED_SMALL_APPLIANCES,USED_GOOD,SMALL APPLIANCES & FLOOR CARE-01,72,KITCHEN,KITCHEN,N,PTBJ26196,WAFFLE MAKER,irc_small_appliances___floor_care-01_20260417_031_p
LPHS248028,SMALL APPLIANCES,"Aroma 1.5qt Stainless Steel Stovetop Kettle Silver: Whistling Tea Kettle with Flip-Up Spout, Small Teapot for Stove",2,12.49,24.98,Aroma,021241400107,91952921,China,MIXED_SMALL_APPLIANCES,NEW,SMALL APPLIANCES & FLOOR CARE-01,72,KITCHEN,KITCHEN,N,PTBJ26196,NON-ELECTRIC KETTL,irc_small_appliances___floor_care-01_20260417_031_p
LPHS719368,SMALL APPLIANCES,SodaStream Classics 14.9 fl oz Diet Ginger Ale Drink Mix,1,6.99,6.99,SodaStream,811572023829,49136261,Israel,MIXED_SMALL_APPLIANCES,USED_GOOD,SMALL APPLIANCES & FLOOR CARE-01,72,KITCHEN,GROCERY,N,PTBJ26196,SODASTREAM ACCESSO,irc_small_appliances___floor_care-01_20260417_031_p
LPHS455388,SMALL APPLIANCES,Mr. Coffee 12-Cup Automatic Blade Mill Grinder - Black,1,35.99,35.99,Mr. Coffee,053891154819,81615453,China,MIXED_SMALL_APPLIANCES,USED_GOOD,SMALL APPLIANCES & FLOOR CARE-01,72,KITCHEN,KITCHEN,N,PTBJ26196,COFFEE GRINDER,irc_small_appliances___floor_care-01_20260417_031_p
LPJY755561,SMALL APPLIANCES,Elite Cuisine 2 Cup Electric Citrus Juicer,1,23.99,23.99,Elite Cuisine,717056138389,1006238637,China,MIXED_SMALL_APPLIANCES,USED_GOOD,SMALL APPLIANCES & FLOOR CARE-01,72,KITCHEN,KITCHEN,N,PTBJ26196,JUICER,irc_small_appliances___floor_care-01_20260417_031_p
LPHS989410,SMALL APPLIANCES,"PUR Water Pitcher Replacement Filter - 3 Pack: Reduces Odors, Filters Chlorine & Mercury, 40 Gallon Life, Blue (Please be advised that sets may be missing pieces or otherwise incomplete.)",2,18.99,37.98,PUR Filtration,723987703237,14637120,Mexico,MIXED_SMALL_APPLIANCES,USED_GOOD,SMALL APPLIANCES & FLOOR CARE-01,72,KITCHEN,KITCHEN,N,PTBJ26196,PT FILTERS,irc_small_appliances___floor_care-01_20260417_031_p
LPHS708301,SMALL APPLIANCES,SodaStream Starry Lemon Lime Drink Mix,6,6.49,38.94,SodaStream,810055455379,94761213,Israel,MIXED_SMALL_APPLIANCES,USED_GOOD,SMALL APPLIANCES & FLOOR CARE-01,72,KITCHEN,GROCERY,N,PTBJ26196,SODASTREAM ACCESSO,irc_small_appliances___floor_care-01_20260417_031_p
LPJN542647,SMALL APPLIANCES,Bodum Chambord 8 Cup 34oz Coffee Press Silver,1,39.99,39.99,Bodum,727015995212,14655162,Portugal,MIXED_SMALL_APPLIANCES,NEW,SMALL APPLIANCES & FLOOR CARE-01,72,KITCHEN,KITCHEN,N,PTBJ26196,COFFEE PRESS,irc_small_appliances___floor_care-01_20260417_031_p
LPJY936314,SMALL APPLIANCES,"Dash Egg Bite Maker - Aqua: 4-Egg Cooker, Electric Egg Cooker, Dishwasher-Safe Parts, 420W, Aluminum & Plastic",2,21.99,43.98,Dash,850004115657,78811619,China,MIXED_SMALL_APPLIANCES,USED_GOOD,SMALL APPLIANCES & FLOOR CARE-01,72,KITCHEN,KITCHEN,N,PTBJ26196,EGG COOKER,irc_small_appliances___floor_care-01_20260417_031_p
LPJY794463,SMALL APPLIANCES,LifeStraw Sip Reusable Steel Filter Straw with Carry Case Laguna Teal,1,27.49,27.49,LifeStraw,7640144289102,93996872,"Korea, Republic of",MIXED_SMALL_APPLIANCES,USED_GOOD,SMALL APPLIANCES & FLOOR CARE-01,72,KITCHEN,HOME,N,PTBJ26196,STRAWS,irc_small_appliances___floor_care-01_20260417_031_p
LPJY883931,SMALL APPLIANCES,LARQ 4pk Bottle Neon Handles (Please be advised that sets may be missing pieces or otherwise incomplete.),2,17.99,35.98,LARQ,850032674768,94961243,China,MIXED_SMALL_APPLIANCES,USED_GOOD,SMALL APPLIANCES & FLOOR CARE-01,72,KITCHEN,HOME,N,PTBJ26196,WATER BOTTLES,irc_small_appliances___floor_care-01_20260417_031_p
LPJY926095,SMALL APPLIANCES,"Bodum Schiuma Milk Frother - Black: Handheld Frother Wand for Coffee, Battery-Powered, Stainless Steel & Plastic",15,9.99,149.85,Bodum,727015012049,21561851,China,MIXED_SMALL_APPLIANCES,USED_GOOD,SMALL APPLIANCES & FLOOR CARE-01,72,KITCHEN,KITCHEN,N,PTBJ26196,FROTHER,irc_small_appliances___floor_care-01_20260417_031_p
LPJY712363,SMALL APPLIANCES,Dash Multi Mini Plate Storage Waffle Maker,5,12.74,63.70,Dash,810137391076,94620267,Indonesia,MIXED_SMALL_APPLIANCES,USED_GOOD,SMALL APPLIANCES & FLOOR CARE-01,72,KITCHEN,KITCHEN,N,PTBJ26196,WAFFLE MAKER,irc_small_appliances___floor_care-01_20260417_031_p
